--
-- PostgreSQL database dump
--

-- Dumped from database version 14.10 (Ubuntu 14.10-0ubuntu0.22.04.1)
-- Dumped by pg_dump version 16.1

SET statement_timeout = 0;
SET lock_timeout = 0;
SET idle_in_transaction_session_timeout = 0;
SET client_encoding = 'UTF8';
SET standard_conforming_strings = on;
SELECT pg_catalog.set_config('search_path', '', false);
SET check_function_bodies = false;
SET xmloption = content;
SET client_min_messages = warning;
SET row_security = off;

--
-- Name: public; Type: SCHEMA; Schema: -; Owner: postgres
--

-- *not* creating schema, since initdb creates it


ALTER SCHEMA public OWNER TO postgres;

SET default_tablespace = '';

SET default_table_access_method = heap;

--
-- Name: admin_interface_theme; Type: TABLE; Schema: public; Owner: sakthi_project
--

CREATE TABLE public.admin_interface_theme (
    id integer NOT NULL,
    name character varying(50) NOT NULL,
    active boolean NOT NULL,
    title character varying(50) NOT NULL,
    title_visible boolean NOT NULL,
    logo character varying(100) NOT NULL,
    logo_visible boolean NOT NULL,
    css_header_background_color character varying(10) NOT NULL,
    title_color character varying(10) NOT NULL,
    css_header_text_color character varying(10) NOT NULL,
    css_header_link_color character varying(10) NOT NULL,
    css_header_link_hover_color character varying(10) NOT NULL,
    css_module_background_color character varying(10) NOT NULL,
    css_module_text_color character varying(10) NOT NULL,
    css_module_link_color character varying(10) NOT NULL,
    css_module_link_hover_color character varying(10) NOT NULL,
    css_module_rounded_corners boolean NOT NULL,
    css_generic_link_color character varying(10) NOT NULL,
    css_generic_link_hover_color character varying(10) NOT NULL,
    css_save_button_background_color character varying(10) NOT NULL,
    css_save_button_background_hover_color character varying(10) NOT NULL,
    css_save_button_text_color character varying(10) NOT NULL,
    css_delete_button_background_color character varying(10) NOT NULL,
    css_delete_button_background_hover_color character varying(10) NOT NULL,
    css_delete_button_text_color character varying(10) NOT NULL,
    list_filter_dropdown boolean NOT NULL,
    related_modal_active boolean NOT NULL,
    related_modal_background_color character varying(10) NOT NULL,
    related_modal_rounded_corners boolean NOT NULL,
    logo_color character varying(10) NOT NULL,
    recent_actions_visible boolean NOT NULL,
    favicon character varying(100) NOT NULL,
    related_modal_background_opacity character varying(5) NOT NULL,
    env_name character varying(50) NOT NULL,
    env_visible_in_header boolean NOT NULL,
    env_color character varying(10) NOT NULL,
    env_visible_in_favicon boolean NOT NULL,
    related_modal_close_button_visible boolean NOT NULL,
    language_chooser_active boolean NOT NULL,
    language_chooser_display character varying(10) NOT NULL,
    list_filter_sticky boolean NOT NULL,
    form_pagination_sticky boolean NOT NULL,
    form_submit_sticky boolean NOT NULL,
    css_module_background_selected_color character varying(10) NOT NULL,
    css_module_link_selected_color character varying(10) NOT NULL,
    logo_max_height smallint NOT NULL,
    logo_max_width smallint NOT NULL,
    foldable_apps boolean NOT NULL,
    language_chooser_control character varying(20) NOT NULL,
    list_filter_highlight boolean NOT NULL,
    list_filter_removal_links boolean NOT NULL,
    show_fieldsets_as_tabs boolean NOT NULL,
    show_inlines_as_tabs boolean NOT NULL,
    css_generic_link_active_color character varying(10) NOT NULL,
    collapsible_stacked_inlines boolean NOT NULL,
    collapsible_stacked_inlines_collapsed boolean NOT NULL,
    collapsible_tabular_inlines boolean NOT NULL,
    collapsible_tabular_inlines_collapsed boolean NOT NULL,
    CONSTRAINT admin_interface_theme_logo_max_height_check CHECK ((logo_max_height >= 0)),
    CONSTRAINT admin_interface_theme_logo_max_width_check CHECK ((logo_max_width >= 0))
);


ALTER TABLE public.admin_interface_theme OWNER TO sakthi_project;

--
-- Name: admin_interface_theme_id_seq; Type: SEQUENCE; Schema: public; Owner: sakthi_project
--

ALTER TABLE public.admin_interface_theme ALTER COLUMN id ADD GENERATED BY DEFAULT AS IDENTITY (
    SEQUENCE NAME public.admin_interface_theme_id_seq
    START WITH 1
    INCREMENT BY 1
    NO MINVALUE
    NO MAXVALUE
    CACHE 1
);


--
-- Name: auth_group; Type: TABLE; Schema: public; Owner: sakthi_project
--

CREATE TABLE public.auth_group (
    id integer NOT NULL,
    name character varying(150) NOT NULL
);


ALTER TABLE public.auth_group OWNER TO sakthi_project;

--
-- Name: auth_group_id_seq; Type: SEQUENCE; Schema: public; Owner: sakthi_project
--

ALTER TABLE public.auth_group ALTER COLUMN id ADD GENERATED BY DEFAULT AS IDENTITY (
    SEQUENCE NAME public.auth_group_id_seq
    START WITH 1
    INCREMENT BY 1
    NO MINVALUE
    NO MAXVALUE
    CACHE 1
);


--
-- Name: auth_group_permissions; Type: TABLE; Schema: public; Owner: sakthi_project
--

CREATE TABLE public.auth_group_permissions (
    id bigint NOT NULL,
    group_id integer NOT NULL,
    permission_id integer NOT NULL
);


ALTER TABLE public.auth_group_permissions OWNER TO sakthi_project;

--
-- Name: auth_group_permissions_id_seq; Type: SEQUENCE; Schema: public; Owner: sakthi_project
--

ALTER TABLE public.auth_group_permissions ALTER COLUMN id ADD GENERATED BY DEFAULT AS IDENTITY (
    SEQUENCE NAME public.auth_group_permissions_id_seq
    START WITH 1
    INCREMENT BY 1
    NO MINVALUE
    NO MAXVALUE
    CACHE 1
);


--
-- Name: auth_permission; Type: TABLE; Schema: public; Owner: sakthi_project
--

CREATE TABLE public.auth_permission (
    id integer NOT NULL,
    name character varying(255) NOT NULL,
    content_type_id integer NOT NULL,
    codename character varying(100) NOT NULL
);


ALTER TABLE public.auth_permission OWNER TO sakthi_project;

--
-- Name: auth_permission_id_seq; Type: SEQUENCE; Schema: public; Owner: sakthi_project
--

ALTER TABLE public.auth_permission ALTER COLUMN id ADD GENERATED BY DEFAULT AS IDENTITY (
    SEQUENCE NAME public.auth_permission_id_seq
    START WITH 1
    INCREMENT BY 1
    NO MINVALUE
    NO MAXVALUE
    CACHE 1
);


--
-- Name: auth_user; Type: TABLE; Schema: public; Owner: sakthi_project
--

CREATE TABLE public.auth_user (
    id integer NOT NULL,
    password character varying(128) NOT NULL,
    last_login timestamp with time zone,
    is_superuser boolean NOT NULL,
    username character varying(150) NOT NULL,
    first_name character varying(150) NOT NULL,
    last_name character varying(150) NOT NULL,
    email character varying(254) NOT NULL,
    is_staff boolean NOT NULL,
    is_active boolean NOT NULL,
    date_joined timestamp with time zone NOT NULL
);


ALTER TABLE public.auth_user OWNER TO sakthi_project;

--
-- Name: auth_user_groups; Type: TABLE; Schema: public; Owner: sakthi_project
--

CREATE TABLE public.auth_user_groups (
    id bigint NOT NULL,
    user_id integer NOT NULL,
    group_id integer NOT NULL
);


ALTER TABLE public.auth_user_groups OWNER TO sakthi_project;

--
-- Name: auth_user_groups_id_seq; Type: SEQUENCE; Schema: public; Owner: sakthi_project
--

ALTER TABLE public.auth_user_groups ALTER COLUMN id ADD GENERATED BY DEFAULT AS IDENTITY (
    SEQUENCE NAME public.auth_user_groups_id_seq
    START WITH 1
    INCREMENT BY 1
    NO MINVALUE
    NO MAXVALUE
    CACHE 1
);


--
-- Name: auth_user_id_seq; Type: SEQUENCE; Schema: public; Owner: sakthi_project
--

ALTER TABLE public.auth_user ALTER COLUMN id ADD GENERATED BY DEFAULT AS IDENTITY (
    SEQUENCE NAME public.auth_user_id_seq
    START WITH 1
    INCREMENT BY 1
    NO MINVALUE
    NO MAXVALUE
    CACHE 1
);


--
-- Name: auth_user_user_permissions; Type: TABLE; Schema: public; Owner: sakthi_project
--

CREATE TABLE public.auth_user_user_permissions (
    id bigint NOT NULL,
    user_id integer NOT NULL,
    permission_id integer NOT NULL
);


ALTER TABLE public.auth_user_user_permissions OWNER TO sakthi_project;

--
-- Name: auth_user_user_permissions_id_seq; Type: SEQUENCE; Schema: public; Owner: sakthi_project
--

ALTER TABLE public.auth_user_user_permissions ALTER COLUMN id ADD GENERATED BY DEFAULT AS IDENTITY (
    SEQUENCE NAME public.auth_user_user_permissions_id_seq
    START WITH 1
    INCREMENT BY 1
    NO MINVALUE
    NO MAXVALUE
    CACHE 1
);


--
-- Name: django_admin_log; Type: TABLE; Schema: public; Owner: sakthi_project
--

CREATE TABLE public.django_admin_log (
    id integer NOT NULL,
    action_time timestamp with time zone NOT NULL,
    object_id text,
    object_repr character varying(200) NOT NULL,
    action_flag smallint NOT NULL,
    change_message text NOT NULL,
    content_type_id integer,
    user_id integer NOT NULL,
    CONSTRAINT django_admin_log_action_flag_check CHECK ((action_flag >= 0))
);


ALTER TABLE public.django_admin_log OWNER TO sakthi_project;

--
-- Name: django_admin_log_id_seq; Type: SEQUENCE; Schema: public; Owner: sakthi_project
--

ALTER TABLE public.django_admin_log ALTER COLUMN id ADD GENERATED BY DEFAULT AS IDENTITY (
    SEQUENCE NAME public.django_admin_log_id_seq
    START WITH 1
    INCREMENT BY 1
    NO MINVALUE
    NO MAXVALUE
    CACHE 1
);


--
-- Name: django_content_type; Type: TABLE; Schema: public; Owner: sakthi_project
--

CREATE TABLE public.django_content_type (
    id integer NOT NULL,
    app_label character varying(100) NOT NULL,
    model character varying(100) NOT NULL
);


ALTER TABLE public.django_content_type OWNER TO sakthi_project;

--
-- Name: django_content_type_id_seq; Type: SEQUENCE; Schema: public; Owner: sakthi_project
--

ALTER TABLE public.django_content_type ALTER COLUMN id ADD GENERATED BY DEFAULT AS IDENTITY (
    SEQUENCE NAME public.django_content_type_id_seq
    START WITH 1
    INCREMENT BY 1
    NO MINVALUE
    NO MAXVALUE
    CACHE 1
);


--
-- Name: django_migrations; Type: TABLE; Schema: public; Owner: sakthi_project
--

CREATE TABLE public.django_migrations (
    id bigint NOT NULL,
    app character varying(255) NOT NULL,
    name character varying(255) NOT NULL,
    applied timestamp with time zone NOT NULL
);


ALTER TABLE public.django_migrations OWNER TO sakthi_project;

--
-- Name: django_migrations_id_seq; Type: SEQUENCE; Schema: public; Owner: sakthi_project
--

ALTER TABLE public.django_migrations ALTER COLUMN id ADD GENERATED BY DEFAULT AS IDENTITY (
    SEQUENCE NAME public.django_migrations_id_seq
    START WITH 1
    INCREMENT BY 1
    NO MINVALUE
    NO MAXVALUE
    CACHE 1
);


--
-- Name: django_session; Type: TABLE; Schema: public; Owner: sakthi_project
--

CREATE TABLE public.django_session (
    session_key character varying(40) NOT NULL,
    session_data text NOT NULL,
    expire_date timestamp with time zone NOT NULL
);


ALTER TABLE public.django_session OWNER TO sakthi_project;

--
-- Name: training_department; Type: TABLE; Schema: public; Owner: sakthi_project
--

CREATE TABLE public.training_department (
    id bigint NOT NULL,
    name character varying(255) NOT NULL,
    head character varying(255),
    created_at timestamp with time zone NOT NULL,
    updated_at timestamp with time zone NOT NULL
);


ALTER TABLE public.training_department OWNER TO sakthi_project;

--
-- Name: training_department_id_seq; Type: SEQUENCE; Schema: public; Owner: sakthi_project
--

ALTER TABLE public.training_department ALTER COLUMN id ADD GENERATED BY DEFAULT AS IDENTITY (
    SEQUENCE NAME public.training_department_id_seq
    START WITH 1
    INCREMENT BY 1
    NO MINVALUE
    NO MAXVALUE
    CACHE 1
);


--
-- Name: training_designation; Type: TABLE; Schema: public; Owner: sakthi_project
--

CREATE TABLE public.training_designation (
    id bigint NOT NULL,
    name character varying(255) NOT NULL,
    created_at timestamp with time zone NOT NULL,
    updated_at timestamp with time zone NOT NULL
);


ALTER TABLE public.training_designation OWNER TO sakthi_project;

--
-- Name: training_designation_id_seq; Type: SEQUENCE; Schema: public; Owner: sakthi_project
--

ALTER TABLE public.training_designation ALTER COLUMN id ADD GENERATED BY DEFAULT AS IDENTITY (
    SEQUENCE NAME public.training_designation_id_seq
    START WITH 1
    INCREMENT BY 1
    NO MINVALUE
    NO MAXVALUE
    CACHE 1
);


--
-- Name: training_employee; Type: TABLE; Schema: public; Owner: sakthi_project
--

CREATE TABLE public.training_employee (
    id bigint NOT NULL,
    emp_id character varying(255) NOT NULL,
    name character varying(255) NOT NULL,
    created_at timestamp with time zone NOT NULL,
    updated_at timestamp with time zone NOT NULL,
    department_id bigint NOT NULL,
    designation_id bigint NOT NULL
);


ALTER TABLE public.training_employee OWNER TO sakthi_project;

--
-- Name: training_employee_id_seq; Type: SEQUENCE; Schema: public; Owner: sakthi_project
--

ALTER TABLE public.training_employee ALTER COLUMN id ADD GENERATED BY DEFAULT AS IDENTITY (
    SEQUENCE NAME public.training_employee_id_seq
    START WITH 1
    INCREMENT BY 1
    NO MINVALUE
    NO MAXVALUE
    CACHE 1
);


--
-- Name: training_externaltraining; Type: TABLE; Schema: public; Owner: sakthi_project
--

CREATE TABLE public.training_externaltraining (
    id bigint NOT NULL,
    ext_program_code character varying(255) NOT NULL,
    organizer character varying(255) NOT NULL,
    place character varying(255) NOT NULL,
    duration integer NOT NULL,
    from_date date NOT NULL,
    to_date date NOT NULL,
    training_area character varying(255) NOT NULL,
    document character varying(100) NOT NULL,
    created_at timestamp with time zone NOT NULL,
    updated_at timestamp with time zone NOT NULL,
    CONSTRAINT training_externaltraining_duration_check CHECK ((duration >= 0))
);


ALTER TABLE public.training_externaltraining OWNER TO sakthi_project;

--
-- Name: training_externaltraining_id_seq; Type: SEQUENCE; Schema: public; Owner: sakthi_project
--

ALTER TABLE public.training_externaltraining ALTER COLUMN id ADD GENERATED BY DEFAULT AS IDENTITY (
    SEQUENCE NAME public.training_externaltraining_id_seq
    START WITH 1
    INCREMENT BY 1
    NO MINVALUE
    NO MAXVALUE
    CACHE 1
);


--
-- Name: training_externaltraining_list_of_attendees; Type: TABLE; Schema: public; Owner: sakthi_project
--

CREATE TABLE public.training_externaltraining_list_of_attendees (
    id bigint NOT NULL,
    externaltraining_id bigint NOT NULL,
    employee_id bigint NOT NULL
);


ALTER TABLE public.training_externaltraining_list_of_attendees OWNER TO sakthi_project;

--
-- Name: training_externaltraining_list_of_attendees_id_seq; Type: SEQUENCE; Schema: public; Owner: sakthi_project
--

ALTER TABLE public.training_externaltraining_list_of_attendees ALTER COLUMN id ADD GENERATED BY DEFAULT AS IDENTITY (
    SEQUENCE NAME public.training_externaltraining_list_of_attendees_id_seq
    START WITH 1
    INCREMENT BY 1
    NO MINVALUE
    NO MAXVALUE
    CACHE 1
);


--
-- Name: training_trainer; Type: TABLE; Schema: public; Owner: sakthi_project
--

CREATE TABLE public.training_trainer (
    id bigint NOT NULL,
    tr_code character varying(255),
    name character varying(255) NOT NULL,
    category character varying(20) NOT NULL,
    expertise text,
    document character varying(100) NOT NULL,
    created_at timestamp with time zone NOT NULL,
    updated_at timestamp with time zone NOT NULL,
    designation_id bigint NOT NULL
);


ALTER TABLE public.training_trainer OWNER TO sakthi_project;

--
-- Name: training_trainer_id_seq; Type: SEQUENCE; Schema: public; Owner: sakthi_project
--

ALTER TABLE public.training_trainer ALTER COLUMN id ADD GENERATED BY DEFAULT AS IDENTITY (
    SEQUENCE NAME public.training_trainer_id_seq
    START WITH 1
    INCREMENT BY 1
    NO MINVALUE
    NO MAXVALUE
    CACHE 1
);


--
-- Name: training_trainingattendance; Type: TABLE; Schema: public; Owner: sakthi_project
--

CREATE TABLE public.training_trainingattendance (
    id bigint NOT NULL,
    attended_days integer NOT NULL,
    attendance_upload character varying(100),
    assessment_upload character varying(100),
    feedback_upload character varying(100),
    created_at timestamp with time zone NOT NULL,
    updated_at timestamp with time zone NOT NULL,
    employee_id bigint NOT NULL,
    training_id bigint NOT NULL,
    CONSTRAINT training_trainingattendance_attended_days_check CHECK ((attended_days >= 0))
);


ALTER TABLE public.training_trainingattendance OWNER TO sakthi_project;

--
-- Name: training_trainingattendance_id_seq; Type: SEQUENCE; Schema: public; Owner: sakthi_project
--

ALTER TABLE public.training_trainingattendance ALTER COLUMN id ADD GENERATED BY DEFAULT AS IDENTITY (
    SEQUENCE NAME public.training_trainingattendance_id_seq
    START WITH 1
    INCREMENT BY 1
    NO MINVALUE
    NO MAXVALUE
    CACHE 1
);


--
-- Name: training_trainingnomination; Type: TABLE; Schema: public; Owner: sakthi_project
--

CREATE TABLE public.training_trainingnomination (
    id bigint NOT NULL,
    created_at timestamp with time zone NOT NULL,
    updated_at timestamp with time zone NOT NULL,
    employee_id bigint NOT NULL,
    training_id bigint NOT NULL
);


ALTER TABLE public.training_trainingnomination OWNER TO sakthi_project;

--
-- Name: training_trainingnomination_id_seq; Type: SEQUENCE; Schema: public; Owner: sakthi_project
--

ALTER TABLE public.training_trainingnomination ALTER COLUMN id ADD GENERATED BY DEFAULT AS IDENTITY (
    SEQUENCE NAME public.training_trainingnomination_id_seq
    START WITH 1
    INCREMENT BY 1
    NO MINVALUE
    NO MAXVALUE
    CACHE 1
);


--
-- Name: training_trainingschedule; Type: TABLE; Schema: public; Owner: sakthi_project
--

CREATE TABLE public.training_trainingschedule (
    id bigint NOT NULL,
    tp_code character varying(255) NOT NULL,
    name_id bigint NOT NULL,
    duration integer NOT NULL,
    from_date date NOT NULL,
    to_date date NOT NULL,
    training_area character varying(255) NOT NULL,
    document character varying(100) NOT NULL,
    created_at timestamp with time zone NOT NULL,
    updated_at timestamp with time zone NOT NULL,
    trainer_id bigint,
    CONSTRAINT training_trainingschedule_duration_check CHECK ((duration >= 0))
);


ALTER TABLE public.training_trainingschedule OWNER TO sakthi_project;

--
-- Name: training_trainingschedule_id_seq; Type: SEQUENCE; Schema: public; Owner: sakthi_project
--

ALTER TABLE public.training_trainingschedule ALTER COLUMN id ADD GENERATED BY DEFAULT AS IDENTITY (
    SEQUENCE NAME public.training_trainingschedule_id_seq
    START WITH 1
    INCREMENT BY 1
    NO MINVALUE
    NO MAXVALUE
    CACHE 1
);


--
-- Name: training_trainingtype; Type: TABLE; Schema: public; Owner: sakthi_project
--

CREATE TABLE public.training_trainingtype (
    id bigint NOT NULL,
    name character varying(255) NOT NULL,
    description text,
    created_at timestamp with time zone NOT NULL,
    updated_at timestamp with time zone NOT NULL,
    slug character varying(150) NOT NULL
);


ALTER TABLE public.training_trainingtype OWNER TO sakthi_project;

--
-- Name: training_trainingtype_department; Type: TABLE; Schema: public; Owner: sakthi_project
--

CREATE TABLE public.training_trainingtype_department (
    id bigint NOT NULL,
    trainingtype_id bigint NOT NULL,
    department_id bigint NOT NULL
);


ALTER TABLE public.training_trainingtype_department OWNER TO sakthi_project;

--
-- Name: training_trainingtype_department_id_seq; Type: SEQUENCE; Schema: public; Owner: sakthi_project
--

ALTER TABLE public.training_trainingtype_department ALTER COLUMN id ADD GENERATED BY DEFAULT AS IDENTITY (
    SEQUENCE NAME public.training_trainingtype_department_id_seq
    START WITH 1
    INCREMENT BY 1
    NO MINVALUE
    NO MAXVALUE
    CACHE 1
);


--
-- Name: training_trainingtype_id_seq; Type: SEQUENCE; Schema: public; Owner: sakthi_project
--

ALTER TABLE public.training_trainingtype ALTER COLUMN id ADD GENERATED BY DEFAULT AS IDENTITY (
    SEQUENCE NAME public.training_trainingtype_id_seq
    START WITH 1
    INCREMENT BY 1
    NO MINVALUE
    NO MAXVALUE
    CACHE 1
);


--
-- Data for Name: admin_interface_theme; Type: TABLE DATA; Schema: public; Owner: sakthi_project
--

COPY public.admin_interface_theme (id, name, active, title, title_visible, logo, logo_visible, css_header_background_color, title_color, css_header_text_color, css_header_link_color, css_header_link_hover_color, css_module_background_color, css_module_text_color, css_module_link_color, css_module_link_hover_color, css_module_rounded_corners, css_generic_link_color, css_generic_link_hover_color, css_save_button_background_color, css_save_button_background_hover_color, css_save_button_text_color, css_delete_button_background_color, css_delete_button_background_hover_color, css_delete_button_text_color, list_filter_dropdown, related_modal_active, related_modal_background_color, related_modal_rounded_corners, logo_color, recent_actions_visible, favicon, related_modal_background_opacity, env_name, env_visible_in_header, env_color, env_visible_in_favicon, related_modal_close_button_visible, language_chooser_active, language_chooser_display, list_filter_sticky, form_pagination_sticky, form_submit_sticky, css_module_background_selected_color, css_module_link_selected_color, logo_max_height, logo_max_width, foldable_apps, language_chooser_control, list_filter_highlight, list_filter_removal_links, show_fieldsets_as_tabs, show_inlines_as_tabs, css_generic_link_active_color, collapsible_stacked_inlines, collapsible_stacked_inlines_collapsed, collapsible_tabular_inlines, collapsible_tabular_inlines_collapsed) FROM stdin;
1	Theme	t	Training Dashboard	t		f	#223898	#F5DD5D	#38B4F0	#FFFFFF	#B1EEF0	#35BEF1	#FFFFFF	#FFFFFF	#C9F0DD	t	#3D00FF	#240DBC	#0C4B33	#0C3C26	#FFFFFF	#BA2121	#A41515	#FFFFFF	t	t	#000000	t	#FFFFFF	t		0.3	Training Dashboard	t	#2372E7	t	t	t	code	t	t	t	#FFFFCC	#FFFFFF	100	400	t	default-select	t	f	f	t	#1A00FF	f	t	f	t
\.


--
-- Data for Name: auth_group; Type: TABLE DATA; Schema: public; Owner: sakthi_project
--

COPY public.auth_group (id, name) FROM stdin;
\.


--
-- Data for Name: auth_group_permissions; Type: TABLE DATA; Schema: public; Owner: sakthi_project
--

COPY public.auth_group_permissions (id, group_id, permission_id) FROM stdin;
\.


--
-- Data for Name: auth_permission; Type: TABLE DATA; Schema: public; Owner: sakthi_project
--

COPY public.auth_permission (id, name, content_type_id, codename) FROM stdin;
1	Can add Theme	1	add_theme
2	Can change Theme	1	change_theme
3	Can delete Theme	1	delete_theme
4	Can view Theme	1	view_theme
5	Can add log entry	2	add_logentry
6	Can change log entry	2	change_logentry
7	Can delete log entry	2	delete_logentry
8	Can view log entry	2	view_logentry
9	Can add permission	3	add_permission
10	Can change permission	3	change_permission
11	Can delete permission	3	delete_permission
12	Can view permission	3	view_permission
13	Can add group	4	add_group
14	Can change group	4	change_group
15	Can delete group	4	delete_group
16	Can view group	4	view_group
17	Can add user	5	add_user
18	Can change user	5	change_user
19	Can delete user	5	delete_user
20	Can view user	5	view_user
21	Can add content type	6	add_contenttype
22	Can change content type	6	change_contenttype
23	Can delete content type	6	delete_contenttype
24	Can view content type	6	view_contenttype
25	Can add session	7	add_session
26	Can change session	7	change_session
27	Can delete session	7	delete_session
28	Can view session	7	view_session
29	Can add department	8	add_department
30	Can change department	8	change_department
31	Can delete department	8	delete_department
32	Can view department	8	view_department
33	Can add designation	9	add_designation
34	Can change designation	9	change_designation
35	Can delete designation	9	delete_designation
36	Can view designation	9	view_designation
37	Can add training schedule	10	add_trainingschedule
38	Can change training schedule	10	change_trainingschedule
39	Can delete training schedule	10	delete_trainingschedule
40	Can view training schedule	10	view_trainingschedule
41	Can add Training Topic	11	add_trainingtype
42	Can change Training Topic	11	change_trainingtype
43	Can delete Training Topic	11	delete_trainingtype
44	Can view Training Topic	11	view_trainingtype
45	Can add employee	12	add_employee
46	Can change employee	12	change_employee
47	Can delete employee	12	delete_employee
48	Can view employee	12	view_employee
49	Can add training attendance	13	add_trainingattendance
50	Can change training attendance	13	change_trainingattendance
51	Can delete training attendance	13	delete_trainingattendance
52	Can view training attendance	13	view_trainingattendance
53	Can add trainer	14	add_trainer
54	Can change trainer	14	change_trainer
55	Can delete trainer	14	delete_trainer
56	Can view trainer	14	view_trainer
57	Can add external training	15	add_externaltraining
58	Can change external training	15	change_externaltraining
59	Can delete external training	15	delete_externaltraining
60	Can view external training	15	view_externaltraining
61	Can add training nomination	16	add_trainingnomination
62	Can change training nomination	16	change_trainingnomination
63	Can delete training nomination	16	delete_trainingnomination
64	Can view training nomination	16	view_trainingnomination
\.


--
-- Data for Name: auth_user; Type: TABLE DATA; Schema: public; Owner: sakthi_project
--

COPY public.auth_user (id, password, last_login, is_superuser, username, first_name, last_name, email, is_staff, is_active, date_joined) FROM stdin;
1	pbkdf2_sha256$390000$s6YI9B306qJU9BhoYPjUf1$bxjbGc1SRWC5rOmy8wobrbF67I26saQ0xREAL17nt1o=	2024-02-02 16:38:06.219382+00	t	admin				t	t	2024-01-11 05:58:46.480118+00
\.


--
-- Data for Name: auth_user_groups; Type: TABLE DATA; Schema: public; Owner: sakthi_project
--

COPY public.auth_user_groups (id, user_id, group_id) FROM stdin;
\.


--
-- Data for Name: auth_user_user_permissions; Type: TABLE DATA; Schema: public; Owner: sakthi_project
--

COPY public.auth_user_user_permissions (id, user_id, permission_id) FROM stdin;
\.


--
-- Data for Name: django_admin_log; Type: TABLE DATA; Schema: public; Owner: sakthi_project
--

COPY public.django_admin_log (id, action_time, object_id, object_repr, action_flag, change_message, content_type_id, user_id) FROM stdin;
1	2024-01-11 05:59:29.466109+00	1	Theme	2	[{"changed": {"fields": ["Name", "Name", "Color"]}}]	1	1
2	2024-01-11 06:00:18.679477+00	1	Theme	2	[{"changed": {"fields": ["Visible", "Title", "Background color", "Text color", "Link hover color"]}}]	1	1
3	2024-01-11 06:00:30.445621+00	1	Theme	2	[{"changed": {"fields": ["Sticky submit", "Sticky pagination", "Inlines as tabs"]}}]	1	1
4	2024-01-11 06:01:02.147972+00	1	Theme	2	[{"changed": {"fields": ["Background color", "Link color", "Link hover color", "Link active color"]}}]	1	1
5	2024-01-11 06:18:06.309591+00	13	SYS	1	[{"added": {}}]	8	1
6	2024-01-11 06:18:39.698572+00	16	SYSADMIN - SYS001	1	[{"added": {}}]	12	1
7	2024-01-11 06:19:45.460338+00	19	SYS TRAINING	1	[{"added": {}}]	11	1
8	2024-01-11 06:20:36.202732+00	9	SYS TRAINING - TC888	1	[{"added": {}}]	10	1
9	2024-01-11 06:39:35.033949+00	6	TC888 - SYS001	1	[{"added": {}}]	16	1
10	2024-01-11 06:39:45.153247+00	7	TC888 - IQAC001	1	[{"added": {}}]	16	1
11	2024-01-11 08:12:25.003658+00	7	TC888 - 123	2	[{"changed": {"fields": ["Employee"]}}]	16	1
12	2024-01-11 08:12:41.935849+00	7	TC888 - IQAC001	2	[{"changed": {"fields": ["Employee"]}}]	16	1
13	2024-01-11 08:55:23.584097+00	9	SYS TRAINING - TC888	2	[]	10	1
14	2024-01-11 08:55:41.514985+00	9	SYS TRAINING - TC888	2	[]	10	1
15	2024-01-11 09:11:17.783659+00	10	SYS TRAINING - T889	1	[{"added": {}}]	10	1
16	2024-01-11 09:11:35.038726+00	10	SYS TRAINING - T889	2	[{"added": {"name": "training nomination", "object": "T889 - SYS001"}}]	10	1
17	2024-01-11 09:12:42.330446+00	11	IQAC Training - T777	1	[{"added": {}}]	10	1
18	2024-01-11 09:13:05.783742+00	11	IQAC Training - T777	2	[{"added": {"name": "training nomination", "object": "T777 - 123"}}]	10	1
19	2024-01-11 09:13:54.835516+00	11	IQAC Training - T777	2	[]	10	1
20	2024-01-11 09:14:23.287126+00	9	T777 - 123	2	[]	16	1
21	2024-01-11 09:14:32.247958+00	10	T777 - IQAC001	1	[{"added": {}}]	16	1
22	2024-01-11 09:15:10.371414+00	10	T777 - 123	1	[{"added": {}}]	13	1
23	2024-01-11 09:15:19.272162+00	11	T777 - IQAC001	1	[{"added": {}}]	13	1
24	2024-01-11 09:15:40.66639+00	18	IQAC Training	2	[{"changed": {"fields": ["Department"]}}]	11	1
25	2024-01-11 09:15:56.178664+00	11	T777 - PA1001	1	[{"added": {}}]	16	1
26	2024-01-11 09:16:22.655586+00	12	T777 - PA1001	1	[{"added": {}}]	13	1
27	2024-01-30 04:42:14.182795+00	14	Sales	1	[{"added": {}}]	8	1
28	2024-01-30 04:42:29.725487+00	14	Sales	2	[{"added": {"name": "employee", "object": "Ram - S001"}}]	8	1
29	2024-01-30 04:44:46.940633+00	20	SalesTraining	1	[{"added": {}}]	11	1
30	2024-01-30 04:50:10.908777+00	12	SalesTraining - TS001	1	[{"added": {}}]	10	1
31	2024-01-30 04:50:30.919404+00	12	TS001 - IQAC001	1	[{"added": {}}]	16	1
32	2024-01-30 04:50:38.976014+00	13	TS001 - S001	1	[{"added": {}}]	16	1
33	2024-01-30 04:55:14.800237+00	12	SalesTraining - TS001	2	[{"changed": {"fields": ["From date", "To date"]}}]	10	1
34	2024-01-30 04:56:13.245997+00	12	TS001 - S001	2	[{"changed": {"fields": ["Training", "Employee", "Attended days"]}}]	13	1
35	2024-01-30 04:56:35.258602+00	12	TS001 - S001	3		13	1
36	2024-01-30 05:24:42.685874+00	13	TS001 - S001	1	[{"added": {}}]	13	1
37	2024-01-30 06:14:40.621472+00	13	SalesTraining - TS002	1	[{"added": {}}]	10	1
38	2024-01-30 06:14:54.924773+00	14	TS002 - S001	1	[{"added": {}}]	16	1
39	2024-01-30 06:15:02.837136+00	15	TS002 - IQAC001	1	[{"added": {}}]	16	1
40	2024-01-30 06:15:09.960903+00	16	TS002 - 123	1	[{"added": {}}]	16	1
41	2024-01-30 12:55:08.911259+00	17	T889 - IQAC001	1	[{"added": {}}]	16	1
42	2024-01-30 12:56:05.539884+00	14	HR POLICIES - TEST	1	[{"added": {}}]	10	1
43	2024-01-30 12:56:24.571293+00	18	TEST - F1002	1	[{"added": {}}]	16	1
44	2024-01-30 12:56:35.694381+00	19	TEST - F1001	1	[{"added": {}}]	16	1
45	2024-01-30 12:56:46.516912+00	20	TEST - FQC1001	1	[{"added": {}}]	16	1
46	2024-01-30 13:56:04.35006+00	19	TEST - F1001	3		16	1
47	2024-01-31 05:42:39.857082+00	13	TS001 - S001	2	[{"changed": {"fields": ["Attendance upload"]}}]	13	1
48	2024-02-05 12:30:06.408855+00	14	TS002 - S001	1	[{"added": {}}]	13	1
\.


--
-- Data for Name: django_content_type; Type: TABLE DATA; Schema: public; Owner: sakthi_project
--

COPY public.django_content_type (id, app_label, model) FROM stdin;
1	admin_interface	theme
2	admin	logentry
3	auth	permission
4	auth	group
5	auth	user
6	contenttypes	contenttype
7	sessions	session
8	training	department
9	training	designation
10	training	trainingschedule
11	training	trainingtype
12	training	employee
13	training	trainingattendance
14	training	trainer
15	training	externaltraining
16	training	trainingnomination
\.


--
-- Data for Name: django_migrations; Type: TABLE DATA; Schema: public; Owner: sakthi_project
--

COPY public.django_migrations (id, app, name, applied) FROM stdin;
1	contenttypes	0001_initial	2024-01-11 05:52:26.426425+00
2	auth	0001_initial	2024-01-11 05:52:27.429191+00
3	admin	0001_initial	2024-01-11 05:52:27.733035+00
4	admin	0002_logentry_remove_auto_add	2024-01-11 05:52:27.834094+00
5	admin	0003_logentry_add_action_flag_choices	2024-01-11 05:52:27.96408+00
6	admin_interface	0001_initial	2024-01-11 05:52:28.126351+00
7	admin_interface	0002_add_related_modal	2024-01-11 05:52:28.515606+00
8	admin_interface	0003_add_logo_color	2024-01-11 05:52:28.717592+00
9	admin_interface	0004_rename_title_color	2024-01-11 05:52:28.8605+00
10	admin_interface	0005_add_recent_actions_visible	2024-01-11 05:52:29.048645+00
11	admin_interface	0006_bytes_to_str	2024-01-11 05:52:29.209185+00
12	admin_interface	0007_add_favicon	2024-01-11 05:52:29.390013+00
13	admin_interface	0008_change_related_modal_background_opacity_type	2024-01-11 05:52:29.592759+00
14	admin_interface	0009_add_enviroment	2024-01-11 05:52:29.832224+00
15	admin_interface	0010_add_localization	2024-01-11 05:52:29.962885+00
16	admin_interface	0011_add_environment_options	2024-01-11 05:52:30.298681+00
17	admin_interface	0012_update_verbose_names	2024-01-11 05:52:30.429385+00
18	admin_interface	0013_add_related_modal_close_button	2024-01-11 05:52:30.622696+00
19	admin_interface	0014_name_unique	2024-01-11 05:52:30.813664+00
20	admin_interface	0015_add_language_chooser_active	2024-01-11 05:52:30.988612+00
21	admin_interface	0016_add_language_chooser_display	2024-01-11 05:52:31.172378+00
22	admin_interface	0017_change_list_filter_dropdown	2024-01-11 05:52:31.291759+00
23	admin_interface	0018_theme_list_filter_sticky	2024-01-11 05:52:31.473637+00
24	admin_interface	0019_add_form_sticky	2024-01-11 05:52:31.705157+00
25	admin_interface	0020_module_selected_colors	2024-01-11 05:52:32.000481+00
26	admin_interface	0021_file_extension_validator	2024-01-11 05:52:32.145377+00
27	admin_interface	0022_add_logo_max_width_and_height	2024-01-11 05:52:32.401792+00
28	admin_interface	0023_theme_foldable_apps	2024-01-11 05:52:32.574527+00
29	admin_interface	0024_remove_theme_css	2024-01-11 05:52:32.727104+00
30	admin_interface	0025_theme_language_chooser_control	2024-01-11 05:52:32.905518+00
31	admin_interface	0026_theme_list_filter_highlight	2024-01-11 05:52:33.086357+00
32	admin_interface	0027_theme_list_filter_removal_links	2024-01-11 05:52:33.266087+00
33	admin_interface	0028_theme_show_fieldsets_as_tabs_and_more	2024-01-11 05:52:33.518181+00
34	admin_interface	0029_theme_css_generic_link_active_color	2024-01-11 05:52:33.689873+00
35	admin_interface	0030_theme_collapsible_stacked_inlines_and_more	2024-01-11 05:52:34.094007+00
36	contenttypes	0002_remove_content_type_name	2024-01-11 05:52:34.28816+00
37	auth	0002_alter_permission_name_max_length	2024-01-11 05:52:34.426942+00
38	auth	0003_alter_user_email_max_length	2024-01-11 05:52:34.609665+00
39	auth	0004_alter_user_username_opts	2024-01-11 05:52:34.740082+00
40	auth	0005_alter_user_last_login_null	2024-01-11 05:52:34.892853+00
41	auth	0006_require_contenttypes_0002	2024-01-11 05:52:35.00491+00
42	auth	0007_alter_validators_add_error_messages	2024-01-11 05:52:35.126233+00
43	auth	0008_alter_user_username_max_length	2024-01-11 05:52:35.290958+00
44	auth	0009_alter_user_last_name_max_length	2024-01-11 05:52:35.439633+00
45	auth	0010_alter_group_name_max_length	2024-01-11 05:52:35.589545+00
46	auth	0011_update_proxy_permissions	2024-01-11 05:52:35.721407+00
47	auth	0012_alter_user_first_name_max_length	2024-01-11 05:52:35.894948+00
48	sessions	0001_initial	2024-01-11 05:52:36.135142+00
49	training	0001_initial	2024-01-11 05:52:36.721078+00
50	training	0002_alter_trainingschedule_name	2024-01-11 05:52:36.964942+00
51	training	0003_alter_trainingschedule_document	2024-01-11 05:52:37.088476+00
52	training	0004_trainingattendance_trainer_externaltraining_and_more	2024-01-11 05:52:37.834064+00
53	training	0005_alter_trainingattendance_unique_together	2024-01-11 05:52:37.99388+00
54	training	0006_trainingtype_slug	2024-01-11 05:52:38.233587+00
55	training	0007_alter_trainingtype_options_trainingtype_department_and_more	2024-01-11 05:52:38.560082+00
56	training	0008_remove_trainingschedule_no_trainees	2024-01-11 05:52:38.701743+00
57	training	0009_trainingnomination	2024-01-11 05:52:39.056223+00
\.


--
-- Data for Name: django_session; Type: TABLE DATA; Schema: public; Owner: sakthi_project
--

COPY public.django_session (session_key, session_data, expire_date) FROM stdin;
i35y6rcmh29334n825ckvjrvc4cjpm72	.eJxVjMEOgjAQRP-lZ9N0W6Rbj975BrLd3QpqIKFwMv67knDQ48x7My_T07YO_VZ16UcxFwPm9Ntl4odOO5A7TbfZ8jyty5jtrtiDVtvNos_r4f4dDFSH7zq5pFqEmnNQpgY4SyiMDIW9-hLFgcO0ZxeDALYxg7SM6ilgRDTvDw64OGw:1rNo5g:vn8DkN_LFEIQcEKdnW8_Q4fVY8bZVK6r9vmnYTXpe20	2024-01-25 05:58:56.112077+00
6k6r4otaspjqp3t6y8hlf2qejbvowuyt	.eJxVjMEOgjAQRP-lZ9N0W6Rbj975BrLd3QpqIKFwMv67knDQ48x7My_T07YO_VZ16UcxFwPm9Ntl4odOO5A7TbfZ8jyty5jtrtiDVtvNos_r4f4dDFSH7zq5pFqEmnNQpgY4SyiMDIW9-hLFgcO0ZxeDALYxg7SM6ilgRDTvDw64OGw:1rNoAm:FtlL5mlfGDtAqHv8RkALiB45rmXD-rrhKJFr0HFrzUk	2024-01-25 06:04:12.43475+00
iq6qerv46qcpi9kngocp5psk7phllhrg	.eJxVjMEOgjAQRP-lZ9N0W6Rbj975BrLd3QpqIKFwMv67knDQ48x7My_T07YO_VZ16UcxFwPm9Ntl4odOO5A7TbfZ8jyty5jtrtiDVtvNos_r4f4dDFSH7zq5pFqEmnNQpgY4SyiMDIW9-hLFgcO0ZxeDALYxg7SM6ilgRDTvDw64OGw:1rNoNn:NwBKIcldJfQprsX0PKrmlNsTDmKu_JUqZeG8T3nDPzE	2024-01-25 06:17:39.077764+00
oa3u97eeime05h415kw0k3bcuypq5oki	.eJxVjMEOgjAQRP-lZ9N0W6Rbj975BrLd3QpqIKFwMv67knDQ48x7My_T07YO_VZ16UcxFwPm9Ntl4odOO5A7TbfZ8jyty5jtrtiDVtvNos_r4f4dDFSH7zq5pFqEmnNQpgY4SyiMDIW9-hLFgcO0ZxeDALYxg7SM6ilgRDTvDw64OGw:1rNqpW:Nz1nnY8wpAHrfhF3E8OYZAqYaD9x2jSWataju3qZfX4	2024-01-25 08:54:26.171074+00
j2tbhcawi4j4r9l8vle4fo0n5pb7kkz7	.eJxVjMEOgjAQRP-lZ9N0W6Rbj975BrLd3QpqIKFwMv67knDQ48x7My_T07YO_VZ16UcxFwPm9Ntl4odOO5A7TbfZ8jyty5jtrtiDVtvNos_r4f4dDFSH7zq5pFqEmnNQpgY4SyiMDIW9-hLFgcO0ZxeDALYxg7SM6ilgRDTvDw64OGw:1rNqwW:VD-nZaGPEID2OwTh1kmAIO2jhovY3IzacENmIMtpV_o	2024-01-25 09:01:40.797846+00
3czo5uwx5t49k6grzam5et8r30nugxv8	.eJxVjMEOgjAQRP-lZ9N0W6Rbj975BrLd3QpqIKFwMv67knDQ48x7My_T07YO_VZ16UcxFwPm9Ntl4odOO5A7TbfZ8jyty5jtrtiDVtvNos_r4f4dDFSH7zq5pFqEmnNQpgY4SyiMDIW9-hLFgcO0ZxeDALYxg7SM6ilgRDTvDw64OGw:1rNsAS:tA5r3TlFARpPwRRv61PngWPJd9mEW_pVOUSWpb7PyLY	2024-01-25 10:20:08.396911+00
mes703s6vrl2dw8757hsjn3wawg7el0t	.eJxVjMEOgjAQRP-lZ9N0W6Rbj975BrLd3QpqIKFwMv67knDQ48x7My_T07YO_VZ16UcxFwPm9Ntl4odOO5A7TbfZ8jyty5jtrtiDVtvNos_r4f4dDFSH7zq5pFqEmnNQpgY4SyiMDIW9-hLFgcO0ZxeDALYxg7SM6ilgRDTvDw64OGw:1rQ3js:4uDWysKxFf7a1wFedEofyeIm9uAx25ek91Vu8r74zaE	2024-01-31 11:05:44.897498+00
tkt8hd1vb12ezof79lrx70af4129ptkd	.eJxVjMEOgjAQRP-lZ9N0W6Rbj975BrLd3QpqIKFwMv67knDQ48x7My_T07YO_VZ16UcxFwPm9Ntl4odOO5A7TbfZ8jyty5jtrtiDVtvNos_r4f4dDFSH7zq5pFqEmnNQpgY4SyiMDIW9-hLFgcO0ZxeDALYxg7SM6ilgRDTvDw64OGw:1rQ3lu:oLyb2sQmwQTJBzQfUGamUJtxIs5IEAWQ3N3T7-ULOMA	2024-01-31 11:07:50.515438+00
s7gsym5htri4dqv56hunjbc6gafjbjq3	.eJxVjMEOgjAQRP-lZ9N0W6Rbj975BrLd3QpqIKFwMv67knDQ48x7My_T07YO_VZ16UcxFwPm9Ntl4odOO5A7TbfZ8jyty5jtrtiDVtvNos_r4f4dDFSH7zq5pFqEmnNQpgY4SyiMDIW9-hLFgcO0ZxeDALYxg7SM6ilgRDTvDw64OGw:1rRtS4:omIC9V52Y6XPWvWRhRqXm8rnOHEeJkX8HD_pk_EG7Tc	2024-02-05 12:30:56.26389+00
cyvie4bu4e70xe3ccr4919w8ie4ov2be	.eJxVjMEOgjAQRP-lZ9N0W6Rbj975BrLd3QpqIKFwMv67knDQ48x7My_T07YO_VZ16UcxFwPm9Ntl4odOO5A7TbfZ8jyty5jtrtiDVtvNos_r4f4dDFSH7zq5pFqEmnNQpgY4SyiMDIW9-hLFgcO0ZxeDALYxg7SM6ilgRDTvDw64OGw:1rRuOM:iWgKcXjVwb3X1s7bnCYJDOaZKF6NekRhi05Tsgtdqw4	2024-02-05 13:31:10.333159+00
lr3hozr1rly3fe1qjdlm4v3ey7zkv3bk	.eJxVjMEOgjAQRP-lZ9N0W6Rbj975BrLd3QpqIKFwMv67knDQ48x7My_T07YO_VZ16UcxFwPm9Ntl4odOO5A7TbfZ8jyty5jtrtiDVtvNos_r4f4dDFSH7zq5pFqEmnNQpgY4SyiMDIW9-hLFgcO0ZxeDALYxg7SM6ilgRDTvDw64OGw:1rTvCc:yz_aaan77dpTboTAX6WhwZX9P1zJmL5yioGyZ4qecUk	2024-02-11 02:47:22.121153+00
5dqwriu7eyq618qguxq2aj2xdig5j8rv	.eJxVjMEOgjAQRP-lZ9N0W6Rbj975BrLd3QpqIKFwMv67knDQ48x7My_T07YO_VZ16UcxFwPm9Ntl4odOO5A7TbfZ8jyty5jtrtiDVtvNos_r4f4dDFSH7zq5pFqEmnNQpgY4SyiMDIW9-hLFgcO0ZxeDALYxg7SM6ilgRDTvDw64OGw:1rUOOQ:LZOfr6BXMOt86NxjP5U1X14zm2iJkJJsFzOMOJy4qKg	2024-02-12 09:57:30.640845+00
um043v28exi11bvtxz5eoh0i5gdqeviu	.eJxVjMEOgjAQRP-lZ9N0W6Rbj975BrLd3QpqIKFwMv67knDQ48x7My_T07YO_VZ16UcxFwPm9Ntl4odOO5A7TbfZ8jyty5jtrtiDVtvNos_r4f4dDFSH7zq5pFqEmnNQpgY4SyiMDIW9-hLFgcO0ZxeDALYxg7SM6ilgRDTvDw64OGw:1rUfqm:tNkLmHMlt_P2EL2U9mxwUlykA2RpiQLuiehpg2n3d6E	2024-02-13 04:35:56.076759+00
jpddkbwwmhmzci8758h8i7r47poc6gv9	.eJxVjMEOgjAQRP-lZ9N0W6Rbj975BrLd3QpqIKFwMv67knDQ48x7My_T07YO_VZ16UcxFwPm9Ntl4odOO5A7TbfZ8jyty5jtrtiDVtvNos_r4f4dDFSH7zq5pFqEmnNQpgY4SyiMDIW9-hLFgcO0ZxeDALYxg7SM6ilgRDTvDw64OGw:1rUgZ2:cL-HFU38pkeLPKN5WFh1zwZxQFQnKP4rAYqBx7UFADs	2024-02-13 05:21:40.89149+00
megqtfdncmff6wgxron647yyb5ezenwj	.eJxVjMEOgjAQRP-lZ9N0W6Rbj975BrLd3QpqIKFwMv67knDQ48x7My_T07YO_VZ16UcxFwPm9Ntl4odOO5A7TbfZ8jyty5jtrtiDVtvNos_r4f4dDFSH7zq5pFqEmnNQpgY4SyiMDIW9-hLFgcO0ZxeDALYxg7SM6ilgRDTvDw64OGw:1rUhds:oGXF7HPKga1MOPrqWy6Jr-e4AvwZqnu6WulckclLSwU	2024-02-13 06:30:44.732498+00
6ebmrjjpg5m17xocqn3umlklj75ga8df	.eJxVjMEOgjAQRP-lZ9N0W6Rbj975BrLd3QpqIKFwMv67knDQ48x7My_T07YO_VZ16UcxFwPm9Ntl4odOO5A7TbfZ8jyty5jtrtiDVtvNos_r4f4dDFSH7zq5pFqEmnNQpgY4SyiMDIW9-hLFgcO0ZxeDALYxg7SM6ilgRDTvDw64OGw:1rUnd3:w7ey1pY4z2l3sZ6q1289RC3aPAy_gSJKoKAIMnu6yFk	2024-02-13 12:54:17.091333+00
4a2je39xswe65anhy47i72uor4f24x4h	.eJxVjMEOgjAQRP-lZ9N0W6Rbj975BrLd3QpqIKFwMv67knDQ48x7My_T07YO_VZ16UcxFwPm9Ntl4odOO5A7TbfZ8jyty5jtrtiDVtvNos_r4f4dDFSH7zq5pFqEmnNQpgY4SyiMDIW9-hLFgcO0ZxeDALYxg7SM6ilgRDTvDw64OGw:1rVwYI:S7r13VHDt2s0hau8b5R45zyKgmwPjRIiZnmtzeNQCpg	2024-02-16 16:38:06.222922+00
\.


--
-- Data for Name: training_department; Type: TABLE DATA; Schema: public; Owner: sakthi_project
--

COPY public.training_department (id, name, head, created_at, updated_at) FROM stdin;
1	CSE	Test	2023-12-10 15:31:38.523+00	2023-12-10 15:31:38.523+00
2	IT	check	2023-12-10 15:32:28.838+00	2023-12-10 15:32:28.838+00
3	Admin	Demo Person	2023-12-14 06:39:06.697+00	2023-12-14 06:39:18.798+00
4	Operations	OP-Head	2023-12-18 06:24:00.484+00	2023-12-18 06:24:00.484+00
5	Production	Prod-Head	2023-12-18 06:24:18.967+00	2023-12-18 06:24:18.967+00
6	Foundry	F-Head	2023-12-18 06:24:35.385+00	2023-12-18 06:24:35.385+00
7	MachineShop	MS-Head	2023-12-18 06:24:49.583+00	2023-12-18 06:24:49.583+00
8	Foundry QC	FQC-Head	2023-12-18 06:25:07.196+00	2023-12-18 06:25:07.196+00
9	Packing	Pack-Head	2023-12-18 06:25:22.38+00	2023-12-18 06:25:22.38+00
10	Maintenance	M-Head	2023-12-18 06:25:36.102+00	2023-12-18 06:25:36.102+00
11	General Services	GS-Head	2023-12-18 06:25:58.518+00	2023-12-18 06:25:58.518+00
12	IQAC	PK	2024-01-10 14:59:02.71+00	2024-01-10 14:59:40.292+00
13	SYS	BRG	2024-01-11 06:18:06.3086+00	2024-01-11 06:18:06.308613+00
14	Sales	SSS	2024-01-30 04:42:14.178528+00	2024-01-30 04:42:29.723499+00
\.


--
-- Data for Name: training_designation; Type: TABLE DATA; Schema: public; Owner: sakthi_project
--

COPY public.training_designation (id, name, created_at, updated_at) FROM stdin;
1	HR	2023-12-10 15:31:46.397+00	2023-12-10 15:31:46.397+00
2	Operator	2023-12-18 06:27:21.973+00	2023-12-18 06:27:21.973+00
3	Supervisor	2023-12-18 06:27:27.155+00	2023-12-18 06:27:27.155+00
4	Manager	2023-12-18 06:27:32.056+00	2023-12-18 06:27:32.056+00
\.


--
-- Data for Name: training_employee; Type: TABLE DATA; Schema: public; Owner: sakthi_project
--

COPY public.training_employee (id, emp_id, name, created_at, updated_at, department_id, designation_id) FROM stdin;
1	123	Demo	2023-12-10 15:32:07.517+00	2023-12-14 06:39:54.368+00	3	1
2	OP1001	OPA	2023-12-18 06:28:01.188+00	2023-12-18 06:28:01.188+00	4	2
3	OP1002	OPB	2023-12-18 06:29:13.887+00	2023-12-18 06:29:13.887+00	4	3
4	P1001	PA	2023-12-18 06:29:33.321+00	2023-12-18 06:29:33.321+00	5	2
5	P1002	PB	2023-12-18 06:29:45.862+00	2023-12-18 06:29:45.862+00	5	4
6	F1001	FA	2023-12-18 06:29:59.079+00	2023-12-18 06:29:59.079+00	6	2
7	F1002	FB	2023-12-18 06:30:12.488+00	2023-12-18 06:30:12.488+00	6	3
8	MS1001	MSA	2023-12-18 06:30:35.533+00	2023-12-18 06:30:35.533+00	7	4
9	MS1002	MSB	2023-12-18 06:30:49.63+00	2023-12-18 06:30:49.63+00	7	3
10	FQC1001	FQCA	2023-12-18 06:31:10.263+00	2023-12-18 06:31:10.263+00	8	2
11	PA1001	PAA	2023-12-18 06:31:42.157+00	2023-12-18 06:31:42.157+00	9	2
12	M1001	MA	2023-12-18 06:31:53.829+00	2023-12-18 06:31:53.829+00	10	3
13	GS1001	GSA	2023-12-18 06:32:09.34+00	2023-12-18 06:32:09.34+00	11	3
14	P1005	Test	2023-12-18 12:12:28.911+00	2023-12-18 12:12:28.911+00	5	4
15	IQAC001	IQAC.EMP01	2024-01-10 14:59:40.293+00	2024-01-10 14:59:40.293+00	12	4
16	SYS001	SYSADMIN	2024-01-11 06:18:39.697403+00	2024-01-11 06:18:39.697424+00	13	4
17	S001	Ram	2024-01-30 04:42:29.724427+00	2024-01-30 04:42:29.724435+00	14	4
\.


--
-- Data for Name: training_externaltraining; Type: TABLE DATA; Schema: public; Owner: sakthi_project
--

COPY public.training_externaltraining (id, ext_program_code, organizer, place, duration, from_date, to_date, training_area, document, created_at, updated_at) FROM stdin;
1	EXPC#00001	ChainCraft	Chennai	10	2023-12-15	2023-12-30	Block Chain	external_training_documents/180__.NET_Remoting.pdf	2023-12-14 06:25:58.076+00	2023-12-14 06:25:58.166+00
2	EXPC#00002	TechZilla	Banglore	2	2023-12-14	2023-12-16	Full Stack	external_training_documents/Django-React_Interview_Internshalla.pdf	2023-12-14 06:41:02.842+00	2023-12-14 06:41:02.843+00
3	EXT1001	JJJ	Coimbatore	3	2023-12-06	2023-12-08	QC	external_training_documents/Orientation_prg.pdf	2023-12-18 12:20:15.094+00	2023-12-18 12:20:15.095+00
\.


--
-- Data for Name: training_externaltraining_list_of_attendees; Type: TABLE DATA; Schema: public; Owner: sakthi_project
--

COPY public.training_externaltraining_list_of_attendees (id, externaltraining_id, employee_id) FROM stdin;
1	1	1
2	2	1
3	3	8
4	3	2
\.


--
-- Data for Name: training_trainer; Type: TABLE DATA; Schema: public; Owner: sakthi_project
--

COPY public.training_trainer (id, tr_code, name, category, expertise, document, created_at, updated_at, designation_id) FROM stdin;
1	TR_I#00001	Testing	Internal	BlockCHain	trainer_documents/180__.NET_Remoting_3emWT7h.pdf	2023-12-14 06:23:43.158+00	2023-12-14 06:23:43.159+00	1
2	INT1001	Mr.S.RAMASAMY PILLAI	Internal	ABC	trainer_documents/TEST_DOCUMENT.pdf	2023-12-18 06:36:24.118+00	2023-12-18 06:36:24.119+00	4
3	INT1002	Mr.THANGAVEL	Internal	AAA	trainer_documents/TEST_DOCUMENT_vWNpRnD.pdf	2023-12-18 06:37:13.478+00	2023-12-18 06:37:13.479+00	4
4	INT1003	Mr.K.R.RAJENDRAN	Internal	ASDF	trainer_documents/TEST_DOCUMENT_R3CeWjK.pdf	2023-12-18 06:37:48.637+00	2023-12-18 06:37:48.638+00	3
5	EXT1001	Mr.E.SEENIVASA PERUMAL	External	ASDFASDF	trainer_documents/TEST_DOCUMENT_ZG09vtX.pdf	2023-12-18 06:38:45.21+00	2023-12-18 06:38:45.21+00	4
\.


--
-- Data for Name: training_trainingattendance; Type: TABLE DATA; Schema: public; Owner: sakthi_project
--

COPY public.training_trainingattendance (id, attended_days, attendance_upload, assessment_upload, feedback_upload, created_at, updated_at, employee_id, training_id) FROM stdin;
1	1	training_attendance_documents/180__.NET_Remoting.pdf	training_assessment_documents/180__.NET_Remoting.pdf	training_feedback_documents/180__.NET_Remoting.pdf	2023-12-14 06:26:20.168+00	2023-12-14 06:57:52.724+00	1	2
2	0				2023-12-14 06:27:08.552+00	2023-12-14 06:27:08.552+00	1	3
4	2	training_attendance_documents/TEST_DOCUMENT.pdf	training_assessment_documents/TEST_DOCUMENT.pdf	training_feedback_documents/TEST_DOCUMENT.pdf	2023-12-18 06:46:11.813+00	2023-12-18 06:46:11.813+00	2	6
5	2	training_attendance_documents/SSN_cert.pdf			2023-12-18 12:18:38.258+00	2023-12-18 12:18:38.258+00	12	7
6	1				2023-12-24 15:59:57.936+00	2023-12-24 15:59:57.936+00	3	2
7	3				2024-01-09 13:48:15.609+00	2024-01-09 13:48:15.609+00	2	1
8	1	training_attendance_documents/Physics_term_2-1.pdf			2024-01-10 15:11:50.205+00	2024-01-10 15:11:50.205+00	15	8
9	1	training_attendance_documents/1633730035-Nickel_sulphate.pdf			2024-01-10 16:29:01.623+00	2024-01-10 16:29:01.623+00	1	8
10	1				2024-01-11 09:15:10.370384+00	2024-01-11 09:15:10.370402+00	1	11
11	1				2024-01-11 09:15:19.27121+00	2024-01-11 09:15:19.271227+00	15	11
13	1	training_attendance_documents/7_1_2_AlternateEnergy_AnyOtherInfo.pdf			2024-01-30 05:24:42.684746+00	2024-01-31 05:42:39.852924+00	17	12
14	1				2024-02-05 12:30:06.401519+00	2024-02-05 12:30:06.401536+00	17	13
\.


--
-- Data for Name: training_trainingnomination; Type: TABLE DATA; Schema: public; Owner: sakthi_project
--

COPY public.training_trainingnomination (id, created_at, updated_at, employee_id, training_id) FROM stdin;
1	2024-01-09 13:34:33.219+00	2024-01-09 13:34:33.219+00	1	4
2	2024-01-09 13:43:06.225+00	2024-01-09 13:43:06.225+00	2	3
3	2024-01-09 13:48:07.251+00	2024-01-09 13:48:07.251+00	2	1
4	2024-01-10 15:06:15.949+00	2024-01-10 15:06:15.949+00	15	8
5	2024-01-10 15:06:46.846+00	2024-01-10 15:06:46.846+00	1	8
6	2024-01-11 06:39:35.032599+00	2024-01-11 06:39:35.032625+00	16	9
7	2024-01-11 06:39:45.152549+00	2024-01-11 08:12:41.903717+00	15	9
8	2024-01-11 09:11:35.037725+00	2024-01-11 09:11:35.037737+00	16	10
9	2024-01-11 09:13:05.782909+00	2024-01-11 09:14:23.286197+00	1	11
10	2024-01-11 09:14:32.247273+00	2024-01-11 09:14:32.247287+00	15	11
11	2024-01-11 09:15:56.177982+00	2024-01-11 09:15:56.177996+00	11	11
12	2024-01-30 04:50:30.918449+00	2024-01-30 04:50:30.918464+00	15	12
13	2024-01-30 04:50:38.975136+00	2024-01-30 04:50:38.975154+00	17	12
14	2024-01-30 06:14:54.923913+00	2024-01-30 06:14:54.923928+00	17	13
15	2024-01-30 06:15:02.835769+00	2024-01-30 06:15:02.835797+00	15	13
16	2024-01-30 06:15:09.960079+00	2024-01-30 06:15:09.960098+00	1	13
17	2024-01-30 12:55:08.908696+00	2024-01-30 12:55:08.908711+00	15	10
18	2024-01-30 12:56:24.57027+00	2024-01-30 12:56:24.570286+00	7	14
20	2024-01-30 12:56:46.516347+00	2024-01-30 12:56:46.51636+00	10	14
\.


--
-- Data for Name: training_trainingschedule; Type: TABLE DATA; Schema: public; Owner: sakthi_project
--

COPY public.training_trainingschedule (id, tp_code, name_id, duration, from_date, to_date, training_area, document, created_at, updated_at, trainer_id) FROM stdin;
1	TP#00001	1	10	2023-12-10	2023-12-10	testing	training_schedule_documents/Sakthi_-_Data_to_be_captured_1.xlsx	2023-12-10 15:48:21.805+00	2024-01-09 13:48:15.601+00	1
2	TP#00002	1	3	2023-12-19	2023-12-23	testing	training_schedule_documents/Sakthi_-_Data_to_be_captured_1_aFcTOKX.xlsx	2023-12-10 15:51:11.051+00	2023-12-24 15:59:57.92+00	1
3	TP#00003	1	2	2023-12-20	2023-12-22	testing	training_schedule_documents/Sakthi_-_Data_to_be_captured.xlsx	2023-12-10 15:51:40.777+00	2024-01-09 13:43:06.166+00	1
4	TP#00004	2	2	2023-12-17	2023-12-19	Block Chain	training_schedule_documents/179_Windows_Communication_Foundation_WCF-Windows_Form_Application.pdf	2023-12-17 04:13:23.008+00	2023-12-17 04:13:23.01+00	1
5	TC1101	3	2	2023-12-18	2023-12-19	FGDFG	training_schedule_documents/TEST_DOCUMENT.pdf	2023-12-18 06:44:04.008+00	2023-12-18 06:44:04.009+00	2
6	TC1102	6	5	2023-12-25	2023-12-30	ASDFASF	training_schedule_documents/TEST_DOCUMENT_S5O5GyY.pdf	2023-12-18 06:45:24.15+00	2023-12-18 06:45:24.15+00	4
7	TC1106	8	2	2023-12-28	2023-12-29	Error Proofing	training_schedule_documents/SMK_fomra.pdf	2023-12-18 12:16:44.461+00	2023-12-18 12:18:38.255+00	3
8	T999	18	1	2024-01-17	2024-01-17	IQAC	training_schedule_documents/Orientation_prg.pdf	2024-01-10 15:05:19.097+00	2024-01-10 15:05:19.097+00	3
9	TC888	19	2	2024-01-08	2024-01-10	SYS	training_schedule_documents/11.Tax_free_incomes_final.pdf	2024-01-11 06:20:36.200317+00	2024-01-11 08:55:41.513835+00	5
10	T889	19	1	2024-01-11	2024-01-11	asfadfs	training_schedule_documents/11.Tax_free_incomes_final_wy74TPk.pdf	2024-01-11 09:11:17.780994+00	2024-01-11 09:11:35.036596+00	5
11	T777	18	1	2024-01-11	2024-01-11	sghsdfg	training_schedule_documents/SOA-71-2223.pdf	2024-01-11 09:12:42.328726+00	2024-01-11 09:13:54.834398+00	2
12	TS001	20	1	2024-01-29	2024-01-29	sales	training_schedule_documents/11.Tax_free_incomes_final_o0R2aGY.pdf	2024-01-30 04:50:10.905658+00	2024-01-30 04:55:14.798813+00	3
13	TS002	20	1	2024-01-30	2024-01-30	fdgsdf	training_schedule_documents/ATAL_Certificate_2023.pdf	2024-01-30 06:14:40.617916+00	2024-01-30 06:14:40.619195+00	1
14	TEST	3	1	2024-01-30	2024-01-30	sdfasd	training_schedule_documents/Weightages-UG.pdf	2024-01-30 12:56:05.537284+00	2024-01-30 12:56:05.538703+00	3
\.


--
-- Data for Name: training_trainingtype; Type: TABLE DATA; Schema: public; Owner: sakthi_project
--

COPY public.training_trainingtype (id, name, description, created_at, updated_at, slug) FROM stdin;
1	Production Training	Sample Description	2023-12-10 15:35:12.54+00	2023-12-19 04:57:11.225+00	production-training
2	Admin Training	Admin Training Description	2023-12-17 04:12:39.232+00	2023-12-19 04:58:00.969+00	admin-training
3	HR POLICIES	SADFFASDF	2023-12-18 06:40:42.162+00	2023-12-19 04:57:49.167+00	hr-policies
4	CUSTOMER SPECIFIC REQUIRMENTS	ADFGDFGSDF	2023-12-18 06:40:52.014+00	2023-12-19 04:58:34.561+00	customer-specific-requirments
5	HOUSE KEEPING & 5S TECHNIQUES	SDFASDFASF	2023-12-18 06:41:00.463+00	2023-12-19 04:58:23.195+00	house-keeping-5s-techniques
6	IATF AWARENESS	SDFASDFSADF	2023-12-18 06:41:07.774+00	2023-12-18 06:41:07.774+00	iatf-awareness
7	LEAN MANUFACTURING	SDFSDF	2023-12-18 06:41:22.975+00	2023-12-18 06:41:22.975+00	lean-manufacturing
8	ERROR PROOFING	ZDAFSDSDAF	2023-12-18 06:41:30.765+00	2023-12-18 06:41:30.765+00	error-proofing
9	PRODUCTIVITY IMPROVEMENT	DSFASDFSAD	2023-12-18 06:41:43.295+00	2023-12-18 06:41:43.295+00	productivity-improvement
10	PLANNING AND EXECUTION	DFGDFGDF	2023-12-18 06:41:51.807+00	2023-12-18 06:41:51.807+00	planning-and-execution
11	CORE SHOP ACTIVITIES	SDF	2023-12-18 06:41:59.598+00	2023-12-18 06:41:59.598+00	core-shop-activities
12	CNC PROGRAMING &  PROCESS		2023-12-18 06:42:09.808+00	2023-12-18 06:42:09.808+00	cnc-programing-process
13	INSPECTION STANDARDS	SDFSD	2023-12-18 06:42:19.68+00	2023-12-18 06:42:19.68+00	inspection-standards
14	PACKING METHODS	dsFSDF	2023-12-18 06:42:28.51+00	2023-12-18 06:42:28.51+00	packing-methods
15	COMPRESSOR MAINTENANCE	DFSDFSDF	2023-12-18 06:42:37.332+00	2023-12-18 06:42:37.332+00	compressor-maintenance
16	STATUTORY REGULARTORY REQUIRMENTS	SDF	2023-12-18 06:42:44.601+00	2023-12-18 06:42:44.601+00	statutory-regulartory-requirments
17	SUPPLY CHAIN MANAGEMENT	DF	2023-12-18 06:42:54.892+00	2023-12-18 06:42:54.892+00	supply-chain-management
19	SYS TRAINING	SYS	2024-01-11 06:19:45.456164+00	2024-01-11 06:19:45.456178+00	sys-training
18	IQAC Training	IQAC	2024-01-10 15:01:21.855+00	2024-01-11 09:15:40.663621+00	iqac
20	SalesTraining	asdfasf	2024-01-30 04:44:46.934817+00	2024-01-30 04:44:46.934837+00	salestraining
\.


--
-- Data for Name: training_trainingtype_department; Type: TABLE DATA; Schema: public; Owner: sakthi_project
--

COPY public.training_trainingtype_department (id, trainingtype_id, department_id) FROM stdin;
1	1	8
2	1	9
3	1	6
4	1	7
5	2	1
6	2	2
7	2	3
8	2	4
9	2	5
10	2	6
11	2	7
12	2	8
13	2	9
14	2	10
15	2	11
16	3	8
17	3	9
18	3	11
19	3	6
20	4	4
21	4	5
22	4	6
23	4	7
24	4	8
25	5	9
26	5	4
27	5	5
28	5	7
29	18	3
30	18	12
31	19	12
32	19	13
33	18	9
34	20	3
35	20	12
36	20	14
\.


--
-- Name: admin_interface_theme_id_seq; Type: SEQUENCE SET; Schema: public; Owner: sakthi_project
--

SELECT pg_catalog.setval('public.admin_interface_theme_id_seq', 1, true);


--
-- Name: auth_group_id_seq; Type: SEQUENCE SET; Schema: public; Owner: sakthi_project
--

SELECT pg_catalog.setval('public.auth_group_id_seq', 1, false);


--
-- Name: auth_group_permissions_id_seq; Type: SEQUENCE SET; Schema: public; Owner: sakthi_project
--

SELECT pg_catalog.setval('public.auth_group_permissions_id_seq', 1, false);


--
-- Name: auth_permission_id_seq; Type: SEQUENCE SET; Schema: public; Owner: sakthi_project
--

SELECT pg_catalog.setval('public.auth_permission_id_seq', 64, true);


--
-- Name: auth_user_groups_id_seq; Type: SEQUENCE SET; Schema: public; Owner: sakthi_project
--

SELECT pg_catalog.setval('public.auth_user_groups_id_seq', 1, false);


--
-- Name: auth_user_id_seq; Type: SEQUENCE SET; Schema: public; Owner: sakthi_project
--

SELECT pg_catalog.setval('public.auth_user_id_seq', 1, true);


--
-- Name: auth_user_user_permissions_id_seq; Type: SEQUENCE SET; Schema: public; Owner: sakthi_project
--

SELECT pg_catalog.setval('public.auth_user_user_permissions_id_seq', 1, false);


--
-- Name: django_admin_log_id_seq; Type: SEQUENCE SET; Schema: public; Owner: sakthi_project
--

SELECT pg_catalog.setval('public.django_admin_log_id_seq', 48, true);


--
-- Name: django_content_type_id_seq; Type: SEQUENCE SET; Schema: public; Owner: sakthi_project
--

SELECT pg_catalog.setval('public.django_content_type_id_seq', 16, true);


--
-- Name: django_migrations_id_seq; Type: SEQUENCE SET; Schema: public; Owner: sakthi_project
--

SELECT pg_catalog.setval('public.django_migrations_id_seq', 57, true);


--
-- Name: training_department_id_seq; Type: SEQUENCE SET; Schema: public; Owner: sakthi_project
--

SELECT pg_catalog.setval('public.training_department_id_seq', 14, true);


--
-- Name: training_designation_id_seq; Type: SEQUENCE SET; Schema: public; Owner: sakthi_project
--

SELECT pg_catalog.setval('public.training_designation_id_seq', 4, true);


--
-- Name: training_employee_id_seq; Type: SEQUENCE SET; Schema: public; Owner: sakthi_project
--

SELECT pg_catalog.setval('public.training_employee_id_seq', 17, true);


--
-- Name: training_externaltraining_id_seq; Type: SEQUENCE SET; Schema: public; Owner: sakthi_project
--

SELECT pg_catalog.setval('public.training_externaltraining_id_seq', 3, true);


--
-- Name: training_externaltraining_list_of_attendees_id_seq; Type: SEQUENCE SET; Schema: public; Owner: sakthi_project
--

SELECT pg_catalog.setval('public.training_externaltraining_list_of_attendees_id_seq', 4, true);


--
-- Name: training_trainer_id_seq; Type: SEQUENCE SET; Schema: public; Owner: sakthi_project
--

SELECT pg_catalog.setval('public.training_trainer_id_seq', 5, true);


--
-- Name: training_trainingattendance_id_seq; Type: SEQUENCE SET; Schema: public; Owner: sakthi_project
--

SELECT pg_catalog.setval('public.training_trainingattendance_id_seq', 14, true);


--
-- Name: training_trainingnomination_id_seq; Type: SEQUENCE SET; Schema: public; Owner: sakthi_project
--

SELECT pg_catalog.setval('public.training_trainingnomination_id_seq', 20, true);


--
-- Name: training_trainingschedule_id_seq; Type: SEQUENCE SET; Schema: public; Owner: sakthi_project
--

SELECT pg_catalog.setval('public.training_trainingschedule_id_seq', 14, true);


--
-- Name: training_trainingtype_department_id_seq; Type: SEQUENCE SET; Schema: public; Owner: sakthi_project
--

SELECT pg_catalog.setval('public.training_trainingtype_department_id_seq', 36, true);


--
-- Name: training_trainingtype_id_seq; Type: SEQUENCE SET; Schema: public; Owner: sakthi_project
--

SELECT pg_catalog.setval('public.training_trainingtype_id_seq', 20, true);


--
-- Name: admin_interface_theme admin_interface_theme_name_30bda70f_uniq; Type: CONSTRAINT; Schema: public; Owner: sakthi_project
--

ALTER TABLE ONLY public.admin_interface_theme
    ADD CONSTRAINT admin_interface_theme_name_30bda70f_uniq UNIQUE (name);


--
-- Name: admin_interface_theme admin_interface_theme_pkey; Type: CONSTRAINT; Schema: public; Owner: sakthi_project
--

ALTER TABLE ONLY public.admin_interface_theme
    ADD CONSTRAINT admin_interface_theme_pkey PRIMARY KEY (id);


--
-- Name: auth_group auth_group_name_key; Type: CONSTRAINT; Schema: public; Owner: sakthi_project
--

ALTER TABLE ONLY public.auth_group
    ADD CONSTRAINT auth_group_name_key UNIQUE (name);


--
-- Name: auth_group_permissions auth_group_permissions_group_id_permission_id_0cd325b0_uniq; Type: CONSTRAINT; Schema: public; Owner: sakthi_project
--

ALTER TABLE ONLY public.auth_group_permissions
    ADD CONSTRAINT auth_group_permissions_group_id_permission_id_0cd325b0_uniq UNIQUE (group_id, permission_id);


--
-- Name: auth_group_permissions auth_group_permissions_pkey; Type: CONSTRAINT; Schema: public; Owner: sakthi_project
--

ALTER TABLE ONLY public.auth_group_permissions
    ADD CONSTRAINT auth_group_permissions_pkey PRIMARY KEY (id);


--
-- Name: auth_group auth_group_pkey; Type: CONSTRAINT; Schema: public; Owner: sakthi_project
--

ALTER TABLE ONLY public.auth_group
    ADD CONSTRAINT auth_group_pkey PRIMARY KEY (id);


--
-- Name: auth_permission auth_permission_content_type_id_codename_01ab375a_uniq; Type: CONSTRAINT; Schema: public; Owner: sakthi_project
--

ALTER TABLE ONLY public.auth_permission
    ADD CONSTRAINT auth_permission_content_type_id_codename_01ab375a_uniq UNIQUE (content_type_id, codename);


--
-- Name: auth_permission auth_permission_pkey; Type: CONSTRAINT; Schema: public; Owner: sakthi_project
--

ALTER TABLE ONLY public.auth_permission
    ADD CONSTRAINT auth_permission_pkey PRIMARY KEY (id);


--
-- Name: auth_user_groups auth_user_groups_pkey; Type: CONSTRAINT; Schema: public; Owner: sakthi_project
--

ALTER TABLE ONLY public.auth_user_groups
    ADD CONSTRAINT auth_user_groups_pkey PRIMARY KEY (id);


--
-- Name: auth_user_groups auth_user_groups_user_id_group_id_94350c0c_uniq; Type: CONSTRAINT; Schema: public; Owner: sakthi_project
--

ALTER TABLE ONLY public.auth_user_groups
    ADD CONSTRAINT auth_user_groups_user_id_group_id_94350c0c_uniq UNIQUE (user_id, group_id);


--
-- Name: auth_user auth_user_pkey; Type: CONSTRAINT; Schema: public; Owner: sakthi_project
--

ALTER TABLE ONLY public.auth_user
    ADD CONSTRAINT auth_user_pkey PRIMARY KEY (id);


--
-- Name: auth_user_user_permissions auth_user_user_permissions_pkey; Type: CONSTRAINT; Schema: public; Owner: sakthi_project
--

ALTER TABLE ONLY public.auth_user_user_permissions
    ADD CONSTRAINT auth_user_user_permissions_pkey PRIMARY KEY (id);


--
-- Name: auth_user_user_permissions auth_user_user_permissions_user_id_permission_id_14a6b632_uniq; Type: CONSTRAINT; Schema: public; Owner: sakthi_project
--

ALTER TABLE ONLY public.auth_user_user_permissions
    ADD CONSTRAINT auth_user_user_permissions_user_id_permission_id_14a6b632_uniq UNIQUE (user_id, permission_id);


--
-- Name: auth_user auth_user_username_key; Type: CONSTRAINT; Schema: public; Owner: sakthi_project
--

ALTER TABLE ONLY public.auth_user
    ADD CONSTRAINT auth_user_username_key UNIQUE (username);


--
-- Name: django_admin_log django_admin_log_pkey; Type: CONSTRAINT; Schema: public; Owner: sakthi_project
--

ALTER TABLE ONLY public.django_admin_log
    ADD CONSTRAINT django_admin_log_pkey PRIMARY KEY (id);


--
-- Name: django_content_type django_content_type_app_label_model_76bd3d3b_uniq; Type: CONSTRAINT; Schema: public; Owner: sakthi_project
--

ALTER TABLE ONLY public.django_content_type
    ADD CONSTRAINT django_content_type_app_label_model_76bd3d3b_uniq UNIQUE (app_label, model);


--
-- Name: django_content_type django_content_type_pkey; Type: CONSTRAINT; Schema: public; Owner: sakthi_project
--

ALTER TABLE ONLY public.django_content_type
    ADD CONSTRAINT django_content_type_pkey PRIMARY KEY (id);


--
-- Name: django_migrations django_migrations_pkey; Type: CONSTRAINT; Schema: public; Owner: sakthi_project
--

ALTER TABLE ONLY public.django_migrations
    ADD CONSTRAINT django_migrations_pkey PRIMARY KEY (id);


--
-- Name: django_session django_session_pkey; Type: CONSTRAINT; Schema: public; Owner: sakthi_project
--

ALTER TABLE ONLY public.django_session
    ADD CONSTRAINT django_session_pkey PRIMARY KEY (session_key);


--
-- Name: training_department training_department_name_key; Type: CONSTRAINT; Schema: public; Owner: sakthi_project
--

ALTER TABLE ONLY public.training_department
    ADD CONSTRAINT training_department_name_key UNIQUE (name);


--
-- Name: training_department training_department_pkey; Type: CONSTRAINT; Schema: public; Owner: sakthi_project
--

ALTER TABLE ONLY public.training_department
    ADD CONSTRAINT training_department_pkey PRIMARY KEY (id);


--
-- Name: training_designation training_designation_name_key; Type: CONSTRAINT; Schema: public; Owner: sakthi_project
--

ALTER TABLE ONLY public.training_designation
    ADD CONSTRAINT training_designation_name_key UNIQUE (name);


--
-- Name: training_designation training_designation_pkey; Type: CONSTRAINT; Schema: public; Owner: sakthi_project
--

ALTER TABLE ONLY public.training_designation
    ADD CONSTRAINT training_designation_pkey PRIMARY KEY (id);


--
-- Name: training_employee training_employee_emp_id_key; Type: CONSTRAINT; Schema: public; Owner: sakthi_project
--

ALTER TABLE ONLY public.training_employee
    ADD CONSTRAINT training_employee_emp_id_key UNIQUE (emp_id);


--
-- Name: training_employee training_employee_pkey; Type: CONSTRAINT; Schema: public; Owner: sakthi_project
--

ALTER TABLE ONLY public.training_employee
    ADD CONSTRAINT training_employee_pkey PRIMARY KEY (id);


--
-- Name: training_externaltraining_list_of_attendees training_externaltrainin_externaltraining_id_empl_08b09580_uniq; Type: CONSTRAINT; Schema: public; Owner: sakthi_project
--

ALTER TABLE ONLY public.training_externaltraining_list_of_attendees
    ADD CONSTRAINT training_externaltrainin_externaltraining_id_empl_08b09580_uniq UNIQUE (externaltraining_id, employee_id);


--
-- Name: training_externaltraining training_externaltraining_ext_program_code_key; Type: CONSTRAINT; Schema: public; Owner: sakthi_project
--

ALTER TABLE ONLY public.training_externaltraining
    ADD CONSTRAINT training_externaltraining_ext_program_code_key UNIQUE (ext_program_code);


--
-- Name: training_externaltraining_list_of_attendees training_externaltraining_list_of_attendees_pkey; Type: CONSTRAINT; Schema: public; Owner: sakthi_project
--

ALTER TABLE ONLY public.training_externaltraining_list_of_attendees
    ADD CONSTRAINT training_externaltraining_list_of_attendees_pkey PRIMARY KEY (id);


--
-- Name: training_externaltraining training_externaltraining_pkey; Type: CONSTRAINT; Schema: public; Owner: sakthi_project
--

ALTER TABLE ONLY public.training_externaltraining
    ADD CONSTRAINT training_externaltraining_pkey PRIMARY KEY (id);


--
-- Name: training_trainer training_trainer_pkey; Type: CONSTRAINT; Schema: public; Owner: sakthi_project
--

ALTER TABLE ONLY public.training_trainer
    ADD CONSTRAINT training_trainer_pkey PRIMARY KEY (id);


--
-- Name: training_trainingattendance training_trainingattenda_training_id_employee_id_99a7c49f_uniq; Type: CONSTRAINT; Schema: public; Owner: sakthi_project
--

ALTER TABLE ONLY public.training_trainingattendance
    ADD CONSTRAINT training_trainingattenda_training_id_employee_id_99a7c49f_uniq UNIQUE (training_id, employee_id);


--
-- Name: training_trainingattendance training_trainingattendance_pkey; Type: CONSTRAINT; Schema: public; Owner: sakthi_project
--

ALTER TABLE ONLY public.training_trainingattendance
    ADD CONSTRAINT training_trainingattendance_pkey PRIMARY KEY (id);


--
-- Name: training_trainingnomination training_trainingnominat_training_id_employee_id_192718ac_uniq; Type: CONSTRAINT; Schema: public; Owner: sakthi_project
--

ALTER TABLE ONLY public.training_trainingnomination
    ADD CONSTRAINT training_trainingnominat_training_id_employee_id_192718ac_uniq UNIQUE (training_id, employee_id);


--
-- Name: training_trainingnomination training_trainingnomination_pkey; Type: CONSTRAINT; Schema: public; Owner: sakthi_project
--

ALTER TABLE ONLY public.training_trainingnomination
    ADD CONSTRAINT training_trainingnomination_pkey PRIMARY KEY (id);


--
-- Name: training_trainingschedule training_trainingschedule_pkey; Type: CONSTRAINT; Schema: public; Owner: sakthi_project
--

ALTER TABLE ONLY public.training_trainingschedule
    ADD CONSTRAINT training_trainingschedule_pkey PRIMARY KEY (id);


--
-- Name: training_trainingschedule training_trainingschedule_tp_code_key; Type: CONSTRAINT; Schema: public; Owner: sakthi_project
--

ALTER TABLE ONLY public.training_trainingschedule
    ADD CONSTRAINT training_trainingschedule_tp_code_key UNIQUE (tp_code);


--
-- Name: training_trainingtype_department training_trainingtype_de_trainingtype_id_departme_2fae9c19_uniq; Type: CONSTRAINT; Schema: public; Owner: sakthi_project
--

ALTER TABLE ONLY public.training_trainingtype_department
    ADD CONSTRAINT training_trainingtype_de_trainingtype_id_departme_2fae9c19_uniq UNIQUE (trainingtype_id, department_id);


--
-- Name: training_trainingtype_department training_trainingtype_department_pkey; Type: CONSTRAINT; Schema: public; Owner: sakthi_project
--

ALTER TABLE ONLY public.training_trainingtype_department
    ADD CONSTRAINT training_trainingtype_department_pkey PRIMARY KEY (id);


--
-- Name: training_trainingtype training_trainingtype_name_key; Type: CONSTRAINT; Schema: public; Owner: sakthi_project
--

ALTER TABLE ONLY public.training_trainingtype
    ADD CONSTRAINT training_trainingtype_name_key UNIQUE (name);


--
-- Name: training_trainingtype training_trainingtype_pkey; Type: CONSTRAINT; Schema: public; Owner: sakthi_project
--

ALTER TABLE ONLY public.training_trainingtype
    ADD CONSTRAINT training_trainingtype_pkey PRIMARY KEY (id);


--
-- Name: training_trainingtype training_trainingtype_slug_key; Type: CONSTRAINT; Schema: public; Owner: sakthi_project
--

ALTER TABLE ONLY public.training_trainingtype
    ADD CONSTRAINT training_trainingtype_slug_key UNIQUE (slug);


--
-- Name: admin_interface_theme_name_30bda70f_like; Type: INDEX; Schema: public; Owner: sakthi_project
--

CREATE INDEX admin_interface_theme_name_30bda70f_like ON public.admin_interface_theme USING btree (name varchar_pattern_ops);


--
-- Name: auth_group_name_a6ea08ec_like; Type: INDEX; Schema: public; Owner: sakthi_project
--

CREATE INDEX auth_group_name_a6ea08ec_like ON public.auth_group USING btree (name varchar_pattern_ops);


--
-- Name: auth_group_permissions_group_id_b120cbf9; Type: INDEX; Schema: public; Owner: sakthi_project
--

CREATE INDEX auth_group_permissions_group_id_b120cbf9 ON public.auth_group_permissions USING btree (group_id);


--
-- Name: auth_group_permissions_permission_id_84c5c92e; Type: INDEX; Schema: public; Owner: sakthi_project
--

CREATE INDEX auth_group_permissions_permission_id_84c5c92e ON public.auth_group_permissions USING btree (permission_id);


--
-- Name: auth_permission_content_type_id_2f476e4b; Type: INDEX; Schema: public; Owner: sakthi_project
--

CREATE INDEX auth_permission_content_type_id_2f476e4b ON public.auth_permission USING btree (content_type_id);


--
-- Name: auth_user_groups_group_id_97559544; Type: INDEX; Schema: public; Owner: sakthi_project
--

CREATE INDEX auth_user_groups_group_id_97559544 ON public.auth_user_groups USING btree (group_id);


--
-- Name: auth_user_groups_user_id_6a12ed8b; Type: INDEX; Schema: public; Owner: sakthi_project
--

CREATE INDEX auth_user_groups_user_id_6a12ed8b ON public.auth_user_groups USING btree (user_id);


--
-- Name: auth_user_user_permissions_permission_id_1fbb5f2c; Type: INDEX; Schema: public; Owner: sakthi_project
--

CREATE INDEX auth_user_user_permissions_permission_id_1fbb5f2c ON public.auth_user_user_permissions USING btree (permission_id);


--
-- Name: auth_user_user_permissions_user_id_a95ead1b; Type: INDEX; Schema: public; Owner: sakthi_project
--

CREATE INDEX auth_user_user_permissions_user_id_a95ead1b ON public.auth_user_user_permissions USING btree (user_id);


--
-- Name: auth_user_username_6821ab7c_like; Type: INDEX; Schema: public; Owner: sakthi_project
--

CREATE INDEX auth_user_username_6821ab7c_like ON public.auth_user USING btree (username varchar_pattern_ops);


--
-- Name: django_admin_log_content_type_id_c4bce8eb; Type: INDEX; Schema: public; Owner: sakthi_project
--

CREATE INDEX django_admin_log_content_type_id_c4bce8eb ON public.django_admin_log USING btree (content_type_id);


--
-- Name: django_admin_log_user_id_c564eba6; Type: INDEX; Schema: public; Owner: sakthi_project
--

CREATE INDEX django_admin_log_user_id_c564eba6 ON public.django_admin_log USING btree (user_id);


--
-- Name: django_session_expire_date_a5c62663; Type: INDEX; Schema: public; Owner: sakthi_project
--

CREATE INDEX django_session_expire_date_a5c62663 ON public.django_session USING btree (expire_date);


--
-- Name: django_session_session_key_c0390e0f_like; Type: INDEX; Schema: public; Owner: sakthi_project
--

CREATE INDEX django_session_session_key_c0390e0f_like ON public.django_session USING btree (session_key varchar_pattern_ops);


--
-- Name: training_department_name_31ae95b4_like; Type: INDEX; Schema: public; Owner: sakthi_project
--

CREATE INDEX training_department_name_31ae95b4_like ON public.training_department USING btree (name varchar_pattern_ops);


--
-- Name: training_designation_name_6c35eaf7_like; Type: INDEX; Schema: public; Owner: sakthi_project
--

CREATE INDEX training_designation_name_6c35eaf7_like ON public.training_designation USING btree (name varchar_pattern_ops);


--
-- Name: training_employee_department_id_a3cd4fb4; Type: INDEX; Schema: public; Owner: sakthi_project
--

CREATE INDEX training_employee_department_id_a3cd4fb4 ON public.training_employee USING btree (department_id);


--
-- Name: training_employee_designation_id_9163a0bd; Type: INDEX; Schema: public; Owner: sakthi_project
--

CREATE INDEX training_employee_designation_id_9163a0bd ON public.training_employee USING btree (designation_id);


--
-- Name: training_employee_emp_id_42dc13e7_like; Type: INDEX; Schema: public; Owner: sakthi_project
--

CREATE INDEX training_employee_emp_id_42dc13e7_like ON public.training_employee USING btree (emp_id varchar_pattern_ops);


--
-- Name: training_externaltraining__employee_id_b1dd358b; Type: INDEX; Schema: public; Owner: sakthi_project
--

CREATE INDEX training_externaltraining__employee_id_b1dd358b ON public.training_externaltraining_list_of_attendees USING btree (employee_id);


--
-- Name: training_externaltraining__externaltraining_id_a9d7d761; Type: INDEX; Schema: public; Owner: sakthi_project
--

CREATE INDEX training_externaltraining__externaltraining_id_a9d7d761 ON public.training_externaltraining_list_of_attendees USING btree (externaltraining_id);


--
-- Name: training_externaltraining_ext_program_code_2f39b594_like; Type: INDEX; Schema: public; Owner: sakthi_project
--

CREATE INDEX training_externaltraining_ext_program_code_2f39b594_like ON public.training_externaltraining USING btree (ext_program_code varchar_pattern_ops);


--
-- Name: training_trainer_designation_id_8000a414; Type: INDEX; Schema: public; Owner: sakthi_project
--

CREATE INDEX training_trainer_designation_id_8000a414 ON public.training_trainer USING btree (designation_id);


--
-- Name: training_trainingattendance_employee_id_f566bc14; Type: INDEX; Schema: public; Owner: sakthi_project
--

CREATE INDEX training_trainingattendance_employee_id_f566bc14 ON public.training_trainingattendance USING btree (employee_id);


--
-- Name: training_trainingattendance_training_id_513f7a1e; Type: INDEX; Schema: public; Owner: sakthi_project
--

CREATE INDEX training_trainingattendance_training_id_513f7a1e ON public.training_trainingattendance USING btree (training_id);


--
-- Name: training_trainingnomination_employee_id_193cec3e; Type: INDEX; Schema: public; Owner: sakthi_project
--

CREATE INDEX training_trainingnomination_employee_id_193cec3e ON public.training_trainingnomination USING btree (employee_id);


--
-- Name: training_trainingnomination_training_id_30271e77; Type: INDEX; Schema: public; Owner: sakthi_project
--

CREATE INDEX training_trainingnomination_training_id_30271e77 ON public.training_trainingnomination USING btree (training_id);


--
-- Name: training_trainingschedule_name_id_c86e562d; Type: INDEX; Schema: public; Owner: sakthi_project
--

CREATE INDEX training_trainingschedule_name_id_c86e562d ON public.training_trainingschedule USING btree (name_id);


--
-- Name: training_trainingschedule_tp_code_5f17a4cd_like; Type: INDEX; Schema: public; Owner: sakthi_project
--

CREATE INDEX training_trainingschedule_tp_code_5f17a4cd_like ON public.training_trainingschedule USING btree (tp_code varchar_pattern_ops);


--
-- Name: training_trainingschedule_trainer_id_3f9389c6; Type: INDEX; Schema: public; Owner: sakthi_project
--

CREATE INDEX training_trainingschedule_trainer_id_3f9389c6 ON public.training_trainingschedule USING btree (trainer_id);


--
-- Name: training_trainingtype_department_department_id_6f1636ef; Type: INDEX; Schema: public; Owner: sakthi_project
--

CREATE INDEX training_trainingtype_department_department_id_6f1636ef ON public.training_trainingtype_department USING btree (department_id);


--
-- Name: training_trainingtype_department_trainingtype_id_ca1b1b74; Type: INDEX; Schema: public; Owner: sakthi_project
--

CREATE INDEX training_trainingtype_department_trainingtype_id_ca1b1b74 ON public.training_trainingtype_department USING btree (trainingtype_id);


--
-- Name: training_trainingtype_name_7dd5c8ae_like; Type: INDEX; Schema: public; Owner: sakthi_project
--

CREATE INDEX training_trainingtype_name_7dd5c8ae_like ON public.training_trainingtype USING btree (name varchar_pattern_ops);


--
-- Name: training_trainingtype_slug_4ad4ae3b_like; Type: INDEX; Schema: public; Owner: sakthi_project
--

CREATE INDEX training_trainingtype_slug_4ad4ae3b_like ON public.training_trainingtype USING btree (slug varchar_pattern_ops);


--
-- Name: auth_group_permissions auth_group_permissio_permission_id_84c5c92e_fk_auth_perm; Type: FK CONSTRAINT; Schema: public; Owner: sakthi_project
--

ALTER TABLE ONLY public.auth_group_permissions
    ADD CONSTRAINT auth_group_permissio_permission_id_84c5c92e_fk_auth_perm FOREIGN KEY (permission_id) REFERENCES public.auth_permission(id) DEFERRABLE INITIALLY DEFERRED;


--
-- Name: auth_group_permissions auth_group_permissions_group_id_b120cbf9_fk_auth_group_id; Type: FK CONSTRAINT; Schema: public; Owner: sakthi_project
--

ALTER TABLE ONLY public.auth_group_permissions
    ADD CONSTRAINT auth_group_permissions_group_id_b120cbf9_fk_auth_group_id FOREIGN KEY (group_id) REFERENCES public.auth_group(id) DEFERRABLE INITIALLY DEFERRED;


--
-- Name: auth_permission auth_permission_content_type_id_2f476e4b_fk_django_co; Type: FK CONSTRAINT; Schema: public; Owner: sakthi_project
--

ALTER TABLE ONLY public.auth_permission
    ADD CONSTRAINT auth_permission_content_type_id_2f476e4b_fk_django_co FOREIGN KEY (content_type_id) REFERENCES public.django_content_type(id) DEFERRABLE INITIALLY DEFERRED;


--
-- Name: auth_user_groups auth_user_groups_group_id_97559544_fk_auth_group_id; Type: FK CONSTRAINT; Schema: public; Owner: sakthi_project
--

ALTER TABLE ONLY public.auth_user_groups
    ADD CONSTRAINT auth_user_groups_group_id_97559544_fk_auth_group_id FOREIGN KEY (group_id) REFERENCES public.auth_group(id) DEFERRABLE INITIALLY DEFERRED;


--
-- Name: auth_user_groups auth_user_groups_user_id_6a12ed8b_fk_auth_user_id; Type: FK CONSTRAINT; Schema: public; Owner: sakthi_project
--

ALTER TABLE ONLY public.auth_user_groups
    ADD CONSTRAINT auth_user_groups_user_id_6a12ed8b_fk_auth_user_id FOREIGN KEY (user_id) REFERENCES public.auth_user(id) DEFERRABLE INITIALLY DEFERRED;


--
-- Name: auth_user_user_permissions auth_user_user_permi_permission_id_1fbb5f2c_fk_auth_perm; Type: FK CONSTRAINT; Schema: public; Owner: sakthi_project
--

ALTER TABLE ONLY public.auth_user_user_permissions
    ADD CONSTRAINT auth_user_user_permi_permission_id_1fbb5f2c_fk_auth_perm FOREIGN KEY (permission_id) REFERENCES public.auth_permission(id) DEFERRABLE INITIALLY DEFERRED;


--
-- Name: auth_user_user_permissions auth_user_user_permissions_user_id_a95ead1b_fk_auth_user_id; Type: FK CONSTRAINT; Schema: public; Owner: sakthi_project
--

ALTER TABLE ONLY public.auth_user_user_permissions
    ADD CONSTRAINT auth_user_user_permissions_user_id_a95ead1b_fk_auth_user_id FOREIGN KEY (user_id) REFERENCES public.auth_user(id) DEFERRABLE INITIALLY DEFERRED;


--
-- Name: django_admin_log django_admin_log_content_type_id_c4bce8eb_fk_django_co; Type: FK CONSTRAINT; Schema: public; Owner: sakthi_project
--

ALTER TABLE ONLY public.django_admin_log
    ADD CONSTRAINT django_admin_log_content_type_id_c4bce8eb_fk_django_co FOREIGN KEY (content_type_id) REFERENCES public.django_content_type(id) DEFERRABLE INITIALLY DEFERRED;


--
-- Name: django_admin_log django_admin_log_user_id_c564eba6_fk_auth_user_id; Type: FK CONSTRAINT; Schema: public; Owner: sakthi_project
--

ALTER TABLE ONLY public.django_admin_log
    ADD CONSTRAINT django_admin_log_user_id_c564eba6_fk_auth_user_id FOREIGN KEY (user_id) REFERENCES public.auth_user(id) DEFERRABLE INITIALLY DEFERRED;


--
-- Name: training_employee training_employee_department_id_a3cd4fb4_fk_training_; Type: FK CONSTRAINT; Schema: public; Owner: sakthi_project
--

ALTER TABLE ONLY public.training_employee
    ADD CONSTRAINT training_employee_department_id_a3cd4fb4_fk_training_ FOREIGN KEY (department_id) REFERENCES public.training_department(id) DEFERRABLE INITIALLY DEFERRED;


--
-- Name: training_employee training_employee_designation_id_9163a0bd_fk_training_; Type: FK CONSTRAINT; Schema: public; Owner: sakthi_project
--

ALTER TABLE ONLY public.training_employee
    ADD CONSTRAINT training_employee_designation_id_9163a0bd_fk_training_ FOREIGN KEY (designation_id) REFERENCES public.training_designation(id) DEFERRABLE INITIALLY DEFERRED;


--
-- Name: training_externaltraining_list_of_attendees training_externaltra_employee_id_b1dd358b_fk_training_; Type: FK CONSTRAINT; Schema: public; Owner: sakthi_project
--

ALTER TABLE ONLY public.training_externaltraining_list_of_attendees
    ADD CONSTRAINT training_externaltra_employee_id_b1dd358b_fk_training_ FOREIGN KEY (employee_id) REFERENCES public.training_employee(id) DEFERRABLE INITIALLY DEFERRED;


--
-- Name: training_externaltraining_list_of_attendees training_externaltra_externaltraining_id_a9d7d761_fk_training_; Type: FK CONSTRAINT; Schema: public; Owner: sakthi_project
--

ALTER TABLE ONLY public.training_externaltraining_list_of_attendees
    ADD CONSTRAINT training_externaltra_externaltraining_id_a9d7d761_fk_training_ FOREIGN KEY (externaltraining_id) REFERENCES public.training_externaltraining(id) DEFERRABLE INITIALLY DEFERRED;


--
-- Name: training_trainer training_trainer_designation_id_8000a414_fk_training_; Type: FK CONSTRAINT; Schema: public; Owner: sakthi_project
--

ALTER TABLE ONLY public.training_trainer
    ADD CONSTRAINT training_trainer_designation_id_8000a414_fk_training_ FOREIGN KEY (designation_id) REFERENCES public.training_designation(id) DEFERRABLE INITIALLY DEFERRED;


--
-- Name: training_trainingattendance training_trainingatt_employee_id_f566bc14_fk_training_; Type: FK CONSTRAINT; Schema: public; Owner: sakthi_project
--

ALTER TABLE ONLY public.training_trainingattendance
    ADD CONSTRAINT training_trainingatt_employee_id_f566bc14_fk_training_ FOREIGN KEY (employee_id) REFERENCES public.training_employee(id) DEFERRABLE INITIALLY DEFERRED;


--
-- Name: training_trainingattendance training_trainingatt_training_id_513f7a1e_fk_training_; Type: FK CONSTRAINT; Schema: public; Owner: sakthi_project
--

ALTER TABLE ONLY public.training_trainingattendance
    ADD CONSTRAINT training_trainingatt_training_id_513f7a1e_fk_training_ FOREIGN KEY (training_id) REFERENCES public.training_trainingschedule(id) DEFERRABLE INITIALLY DEFERRED;


--
-- Name: training_trainingnomination training_trainingnom_employee_id_193cec3e_fk_training_; Type: FK CONSTRAINT; Schema: public; Owner: sakthi_project
--

ALTER TABLE ONLY public.training_trainingnomination
    ADD CONSTRAINT training_trainingnom_employee_id_193cec3e_fk_training_ FOREIGN KEY (employee_id) REFERENCES public.training_employee(id) DEFERRABLE INITIALLY DEFERRED;


--
-- Name: training_trainingnomination training_trainingnom_training_id_30271e77_fk_training_; Type: FK CONSTRAINT; Schema: public; Owner: sakthi_project
--

ALTER TABLE ONLY public.training_trainingnomination
    ADD CONSTRAINT training_trainingnom_training_id_30271e77_fk_training_ FOREIGN KEY (training_id) REFERENCES public.training_trainingschedule(id) DEFERRABLE INITIALLY DEFERRED;


--
-- Name: training_trainingschedule training_trainingsch_name_id_c86e562d_fk_training_; Type: FK CONSTRAINT; Schema: public; Owner: sakthi_project
--

ALTER TABLE ONLY public.training_trainingschedule
    ADD CONSTRAINT training_trainingsch_name_id_c86e562d_fk_training_ FOREIGN KEY (name_id) REFERENCES public.training_trainingtype(id) DEFERRABLE INITIALLY DEFERRED;


--
-- Name: training_trainingschedule training_trainingsch_trainer_id_3f9389c6_fk_training_; Type: FK CONSTRAINT; Schema: public; Owner: sakthi_project
--

ALTER TABLE ONLY public.training_trainingschedule
    ADD CONSTRAINT training_trainingsch_trainer_id_3f9389c6_fk_training_ FOREIGN KEY (trainer_id) REFERENCES public.training_trainer(id) DEFERRABLE INITIALLY DEFERRED;


--
-- Name: training_trainingtype_department training_trainingtyp_department_id_6f1636ef_fk_training_; Type: FK CONSTRAINT; Schema: public; Owner: sakthi_project
--

ALTER TABLE ONLY public.training_trainingtype_department
    ADD CONSTRAINT training_trainingtyp_department_id_6f1636ef_fk_training_ FOREIGN KEY (department_id) REFERENCES public.training_department(id) DEFERRABLE INITIALLY DEFERRED;


--
-- Name: training_trainingtype_department training_trainingtyp_trainingtype_id_ca1b1b74_fk_training_; Type: FK CONSTRAINT; Schema: public; Owner: sakthi_project
--

ALTER TABLE ONLY public.training_trainingtype_department
    ADD CONSTRAINT training_trainingtyp_trainingtype_id_ca1b1b74_fk_training_ FOREIGN KEY (trainingtype_id) REFERENCES public.training_trainingtype(id) DEFERRABLE INITIALLY DEFERRED;


--
-- Name: SCHEMA public; Type: ACL; Schema: -; Owner: postgres
--

REVOKE USAGE ON SCHEMA public FROM PUBLIC;
GRANT ALL ON SCHEMA public TO PUBLIC;


--
-- PostgreSQL database dump complete
--

