--
-- PostgreSQL database dump
--

-- Dumped from database version 15.7 (Ubuntu 15.7-0ubuntu0.23.10.1)
-- Dumped by pg_dump version 15.7 (Ubuntu 15.7-0ubuntu0.23.10.1)

SET statement_timeout = 0;
SET lock_timeout = 0;
SET idle_in_transaction_session_timeout = 0;
SET client_encoding = 'UTF8';
SET standard_conforming_strings = on;
SELECT pg_catalog.set_config('search_path', '', false);
SET check_function_bodies = false;
SET xmloption = content;
SET client_min_messages = warning;
SET row_security = off;

--
-- Name: public; Type: SCHEMA; Schema: -; Owner: postgres
--

-- *not* creating schema, since initdb creates it


ALTER SCHEMA public OWNER TO postgres;

SET default_tablespace = '';

SET default_table_access_method = heap;

--
-- Name: training_department; Type: TABLE; Schema: public; Owner: postgres
--

CREATE TABLE public.training_department (
    id bigint NOT NULL,
    name character varying(255) NOT NULL,
    head character varying(255)
);


ALTER TABLE public.training_department OWNER TO postgres;

--
-- Name: training_department_id_seq; Type: SEQUENCE; Schema: public; Owner: postgres
--

ALTER TABLE public.training_department ALTER COLUMN id ADD GENERATED BY DEFAULT AS IDENTITY (
    SEQUENCE NAME public.training_department_id_seq
    START WITH 1
    INCREMENT BY 1
    NO MINVALUE
    NO MAXVALUE
    CACHE 1
);


--
-- Name: training_designation; Type: TABLE; Schema: public; Owner: postgres
--

CREATE TABLE public.training_designation (
    id bigint NOT NULL,
    name character varying(255) NOT NULL
);


ALTER TABLE public.training_designation OWNER TO postgres;

--
-- Name: training_designation_id_seq; Type: SEQUENCE; Schema: public; Owner: postgres
--

ALTER TABLE public.training_designation ALTER COLUMN id ADD GENERATED BY DEFAULT AS IDENTITY (
    SEQUENCE NAME public.training_designation_id_seq
    START WITH 1
    INCREMENT BY 1
    NO MINVALUE
    NO MAXVALUE
    CACHE 1
);


--
-- Name: training_employee; Type: TABLE; Schema: public; Owner: postgres
--

CREATE TABLE public.training_employee (
    id bigint NOT NULL,
    emp_id character varying(255) NOT NULL,
    name character varying(255) NOT NULL,
    department_id bigint NOT NULL,
    designation_id bigint NOT NULL
);


ALTER TABLE public.training_employee OWNER TO postgres;

--
-- Name: training_employee_id_seq; Type: SEQUENCE; Schema: public; Owner: postgres
--

ALTER TABLE public.training_employee ALTER COLUMN id ADD GENERATED BY DEFAULT AS IDENTITY (
    SEQUENCE NAME public.training_employee_id_seq
    START WITH 1
    INCREMENT BY 1
    NO MINVALUE
    NO MAXVALUE
    CACHE 1
);


--
-- Name: training_trainer; Type: TABLE; Schema: public; Owner: postgres
--

CREATE TABLE public.training_trainer (
    id bigint NOT NULL,
    tr_code character varying(255),
    name character varying(255) NOT NULL,
    category character varying(20) NOT NULL,
    expertise text,
    designation_id bigint NOT NULL
);


ALTER TABLE public.training_trainer OWNER TO postgres;

--
-- Name: training_trainer_id_seq; Type: SEQUENCE; Schema: public; Owner: postgres
--

ALTER TABLE public.training_trainer ALTER COLUMN id ADD GENERATED BY DEFAULT AS IDENTITY (
    SEQUENCE NAME public.training_trainer_id_seq
    START WITH 1
    INCREMENT BY 1
    NO MINVALUE
    NO MAXVALUE
    CACHE 1
);


--
-- Name: training_trainingattendance; Type: TABLE; Schema: public; Owner: postgres
--

CREATE TABLE public.training_trainingattendance (
    id bigint NOT NULL,
    attended_days integer NOT NULL,
    employee_id bigint NOT NULL,
    training_id bigint NOT NULL,
    CONSTRAINT training_trainingattendance_attended_days_check CHECK ((attended_days >= 0))
);


ALTER TABLE public.training_trainingattendance OWNER TO postgres;

--
-- Name: training_trainingattendance_id_seq; Type: SEQUENCE; Schema: public; Owner: postgres
--

ALTER TABLE public.training_trainingattendance ALTER COLUMN id ADD GENERATED BY DEFAULT AS IDENTITY (
    SEQUENCE NAME public.training_trainingattendance_id_seq
    START WITH 1
    INCREMENT BY 1
    NO MINVALUE
    NO MAXVALUE
    CACHE 1
);


--
-- Name: training_trainingnomination; Type: TABLE; Schema: public; Owner: postgres
--

CREATE TABLE public.training_trainingnomination (
    id bigint NOT NULL,
    employee_id bigint NOT NULL,
    training_id bigint NOT NULL
);


ALTER TABLE public.training_trainingnomination OWNER TO postgres;

--
-- Name: training_trainingnomination_id_seq; Type: SEQUENCE; Schema: public; Owner: postgres
--

ALTER TABLE public.training_trainingnomination ALTER COLUMN id ADD GENERATED BY DEFAULT AS IDENTITY (
    SEQUENCE NAME public.training_trainingnomination_id_seq
    START WITH 1
    INCREMENT BY 1
    NO MINVALUE
    NO MAXVALUE
    CACHE 1
);


--
-- Name: training_trainingschedule; Type: TABLE; Schema: public; Owner: postgres
--

CREATE TABLE public.training_trainingschedule (
    id bigint NOT NULL,
    tp_code character varying(255) NOT NULL,
    name_id bigint NOT NULL,
    duration integer NOT NULL,
    from_date date NOT NULL,
    to_date date NOT NULL,
    training_area character varying(255) NOT NULL,
    trainer_id bigint,
    CONSTRAINT training_trainingschedule_duration_check CHECK ((duration >= 0))
);


ALTER TABLE public.training_trainingschedule OWNER TO postgres;

--
-- Name: training_trainingschedule_id_seq; Type: SEQUENCE; Schema: public; Owner: postgres
--

ALTER TABLE public.training_trainingschedule ALTER COLUMN id ADD GENERATED BY DEFAULT AS IDENTITY (
    SEQUENCE NAME public.training_trainingschedule_id_seq
    START WITH 1
    INCREMENT BY 1
    NO MINVALUE
    NO MAXVALUE
    CACHE 1
);


--
-- Name: training_trainingtype; Type: TABLE; Schema: public; Owner: postgres
--

CREATE TABLE public.training_trainingtype (
    id bigint NOT NULL,
    name character varying(255) NOT NULL,
    description text
);


ALTER TABLE public.training_trainingtype OWNER TO postgres;

--
-- Name: training_trainingtype_department; Type: TABLE; Schema: public; Owner: postgres
--

CREATE TABLE public.training_trainingtype_department (
    id bigint NOT NULL,
    trainingtype_id bigint NOT NULL,
    department_id bigint NOT NULL
);


ALTER TABLE public.training_trainingtype_department OWNER TO postgres;

--
-- Name: training_trainingtype_department_id_seq; Type: SEQUENCE; Schema: public; Owner: postgres
--

ALTER TABLE public.training_trainingtype_department ALTER COLUMN id ADD GENERATED BY DEFAULT AS IDENTITY (
    SEQUENCE NAME public.training_trainingtype_department_id_seq
    START WITH 1
    INCREMENT BY 1
    NO MINVALUE
    NO MAXVALUE
    CACHE 1
);


--
-- Name: training_trainingtype_id_seq; Type: SEQUENCE; Schema: public; Owner: postgres
--

ALTER TABLE public.training_trainingtype ALTER COLUMN id ADD GENERATED BY DEFAULT AS IDENTITY (
    SEQUENCE NAME public.training_trainingtype_id_seq
    START WITH 1
    INCREMENT BY 1
    NO MINVALUE
    NO MAXVALUE
    CACHE 1
);


--
-- Data for Name: training_department; Type: TABLE DATA; Schema: public; Owner: postgres
--

COPY public.training_department (id, name, head) FROM stdin;
48	dummy	dummy
52	hello	hello
53	dummy1	dd
54	dummy2	dd
56	dummy4	dd
57	test1	testtt
58	test2	testtt
59	test3	testtt
60	test4	testtt
61	test5	testtt
62	test6	testtt
63	test7	testtt
64	test8	testtt
65	iqac	pk
\.


--
-- Data for Name: training_designation; Type: TABLE DATA; Schema: public; Owner: postgres
--

COPY public.training_designation (id, name) FROM stdin;
8	dummy
9	test1
10	test2
11	test3
12	test4
13	test5
\.


--
-- Data for Name: training_employee; Type: TABLE DATA; Schema: public; Owner: postgres
--

COPY public.training_employee (id, emp_id, name, department_id, designation_id) FROM stdin;
30	DUM12	Dummy	48	8
36	E101	Rakesh1	57	9
37	E201	Rakesh2	58	9
38	E301	Rakesh3	59	9
39	E401	Rakesh4	60	9
40	E501	Rakesh5	61	9
41	E601	Rakesh6	62	9
42	E701	Rakesh7	63	9
43	E801	Rakesh8	64	9
44	E102	Sakthi1	57	10
45	E103	Sakthi2	57	10
46	E104	Sakthi3	57	11
47	E202	Sakthi4	58	11
48	E203	Sakthi5	58	11
49	E204	Sakthi6	58	10
50	E205	sakthi7	58	9
51	E302	Sakthi8	59	11
52	E303	Sakthi9	59	11
53	E304	Sakthi10	59	12
54	E402	Sakthi11	60	11
55	E403	Sakthi12	60	11
56	E404	Sakthi13	60	10
57	E405	Sakthi14	60	12
58	E502	Sakthi15	61	11
59	E503	Sakthi16	61	11
61	E602	Sakthi17	62	12
62	E603	Sakthi18	62	12
63	E604	Sakthi19	62	11
64	E605	Sakthi19	62	12
65	E606	Sakthi20	62	11
66	E702	Sakthi21	63	10
67	E703	Sakthi22	63	11
68	E802	Sakthi23	64	11
69	E803	Sakthi24	64	12
70	E805	Sakthi25	64	10
71	E806	Sakthi26	64	10
72	E807	Sakthi27	64	11
73	E808	Sakthi28	64	11
74	iqac01	pk	65	13
\.


--
-- Data for Name: training_trainer; Type: TABLE DATA; Schema: public; Owner: postgres
--

COPY public.training_trainer (id, tr_code, name, category, expertise, designation_id) FROM stdin;
9	DUM02	Dummy	Dummy	Dummy	8
11	\N	Ttest1	test	test	13
12	\N	Ttest2	test	test	13
13	\N	Ttest3	test	test	13
14	\N	Ttest4	test	test	13
15	\N	Ttest5	test	test	13
\.


--
-- Data for Name: training_trainingattendance; Type: TABLE DATA; Schema: public; Owner: postgres
--

COPY public.training_trainingattendance (id, attended_days, employee_id, training_id) FROM stdin;
16	2	37	22
17	2	47	22
18	2	48	22
19	2	49	22
20	2	50	22
22	2	41	22
23	2	61	22
24	2	62	22
25	2	63	22
26	2	64	22
27	2	65	22
28	2	43	22
29	2	69	22
30	2	70	22
31	2	71	22
32	2	72	22
33	2	73	22
34	1	74	24
35	1	53	22
\.


--
-- Data for Name: training_trainingnomination; Type: TABLE DATA; Schema: public; Owner: postgres
--

COPY public.training_trainingnomination (id, employee_id, training_id) FROM stdin;
49	37	22
50	47	22
51	48	22
52	49	22
53	50	22
54	38	22
55	51	22
56	52	22
57	53	22
58	41	22
59	61	22
60	62	22
61	63	22
62	64	22
63	65	22
64	43	22
65	68	22
66	69	22
67	70	22
68	71	22
69	72	22
70	73	22
73	74	24
74	44	24
\.


--
-- Data for Name: training_trainingschedule; Type: TABLE DATA; Schema: public; Owner: postgres
--

COPY public.training_trainingschedule (id, tp_code, name_id, duration, from_date, to_date, training_area, trainer_id) FROM stdin;
16	DUM03	24	3	2024-09-10	2024-09-12	DUMFL	9
20	trtr	24	1	2024-09-10	2024-09-10	fff	9
21	trtr1	29	2	2024-09-18	2024-09-19	fff	9
23	stest2	32	4	2024-09-17	2024-09-20	tg	12
22	stest1	31	2	2024-09-17	2024-09-18	tg	11
24	007	40	1	2024-09-10	2024-09-10	kjhkj	13
\.


--
-- Data for Name: training_trainingtype; Type: TABLE DATA; Schema: public; Owner: postgres
--

COPY public.training_trainingtype (id, name, description) FROM stdin;
29	trn	fr
31	ttest1	ttest
32	ttest2	ttest
33	ttest3	ttest
34	ttest4	ttest
35	ttest5	ttest
37	ttest7	ttest
38	ttest8	ttest
39	ttest9	ttest
30	trr	sdf
40	quality	qa
24	dummy	dummy
\.


--
-- Data for Name: training_trainingtype_department; Type: TABLE DATA; Schema: public; Owner: postgres
--

COPY public.training_trainingtype_department (id, trainingtype_id, department_id) FROM stdin;
60	29	53
61	29	56
63	31	58
64	31	59
65	31	62
66	31	64
67	32	61
68	32	59
69	32	64
70	32	57
71	33	62
72	33	58
73	33	63
74	33	64
75	34	64
76	34	61
77	34	58
78	35	62
79	35	60
80	35	58
83	37	59
84	37	60
85	37	61
86	38	61
87	38	64
88	38	57
89	39	59
90	39	58
91	39	61
92	39	57
93	30	53
94	40	65
95	40	57
\.


--
-- Name: training_department_id_seq; Type: SEQUENCE SET; Schema: public; Owner: postgres
--

SELECT pg_catalog.setval('public.training_department_id_seq', 65, true);


--
-- Name: training_designation_id_seq; Type: SEQUENCE SET; Schema: public; Owner: postgres
--

SELECT pg_catalog.setval('public.training_designation_id_seq', 13, true);


--
-- Name: training_employee_id_seq; Type: SEQUENCE SET; Schema: public; Owner: postgres
--

SELECT pg_catalog.setval('public.training_employee_id_seq', 74, true);


--
-- Name: training_trainer_id_seq; Type: SEQUENCE SET; Schema: public; Owner: postgres
--

SELECT pg_catalog.setval('public.training_trainer_id_seq', 15, true);


--
-- Name: training_trainingattendance_id_seq; Type: SEQUENCE SET; Schema: public; Owner: postgres
--

SELECT pg_catalog.setval('public.training_trainingattendance_id_seq', 35, true);


--
-- Name: training_trainingnomination_id_seq; Type: SEQUENCE SET; Schema: public; Owner: postgres
--

SELECT pg_catalog.setval('public.training_trainingnomination_id_seq', 74, true);


--
-- Name: training_trainingschedule_id_seq; Type: SEQUENCE SET; Schema: public; Owner: postgres
--

SELECT pg_catalog.setval('public.training_trainingschedule_id_seq', 24, true);


--
-- Name: training_trainingtype_department_id_seq; Type: SEQUENCE SET; Schema: public; Owner: postgres
--

SELECT pg_catalog.setval('public.training_trainingtype_department_id_seq', 95, true);


--
-- Name: training_trainingtype_id_seq; Type: SEQUENCE SET; Schema: public; Owner: postgres
--

SELECT pg_catalog.setval('public.training_trainingtype_id_seq', 40, true);


--
-- Name: training_department training_department_name_key; Type: CONSTRAINT; Schema: public; Owner: postgres
--

ALTER TABLE ONLY public.training_department
    ADD CONSTRAINT training_department_name_key UNIQUE (name);


--
-- Name: training_department training_department_pkey; Type: CONSTRAINT; Schema: public; Owner: postgres
--

ALTER TABLE ONLY public.training_department
    ADD CONSTRAINT training_department_pkey PRIMARY KEY (id);


--
-- Name: training_designation training_designation_name_key; Type: CONSTRAINT; Schema: public; Owner: postgres
--

ALTER TABLE ONLY public.training_designation
    ADD CONSTRAINT training_designation_name_key UNIQUE (name);


--
-- Name: training_designation training_designation_pkey; Type: CONSTRAINT; Schema: public; Owner: postgres
--

ALTER TABLE ONLY public.training_designation
    ADD CONSTRAINT training_designation_pkey PRIMARY KEY (id);


--
-- Name: training_employee training_employee_emp_id_key; Type: CONSTRAINT; Schema: public; Owner: postgres
--

ALTER TABLE ONLY public.training_employee
    ADD CONSTRAINT training_employee_emp_id_key UNIQUE (emp_id);


--
-- Name: training_employee training_employee_pkey; Type: CONSTRAINT; Schema: public; Owner: postgres
--

ALTER TABLE ONLY public.training_employee
    ADD CONSTRAINT training_employee_pkey PRIMARY KEY (id);


--
-- Name: training_trainer training_trainer_pkey; Type: CONSTRAINT; Schema: public; Owner: postgres
--

ALTER TABLE ONLY public.training_trainer
    ADD CONSTRAINT training_trainer_pkey PRIMARY KEY (id);


--
-- Name: training_trainingattendance training_trainingattenda_training_id_employee_id_99a7c49f_uniq; Type: CONSTRAINT; Schema: public; Owner: postgres
--

ALTER TABLE ONLY public.training_trainingattendance
    ADD CONSTRAINT training_trainingattenda_training_id_employee_id_99a7c49f_uniq UNIQUE (training_id, employee_id);


--
-- Name: training_trainingattendance training_trainingattendance_pkey; Type: CONSTRAINT; Schema: public; Owner: postgres
--

ALTER TABLE ONLY public.training_trainingattendance
    ADD CONSTRAINT training_trainingattendance_pkey PRIMARY KEY (id);


--
-- Name: training_trainingnomination training_trainingnominat_training_id_employee_id_192718ac_uniq; Type: CONSTRAINT; Schema: public; Owner: postgres
--

ALTER TABLE ONLY public.training_trainingnomination
    ADD CONSTRAINT training_trainingnominat_training_id_employee_id_192718ac_uniq UNIQUE (training_id, employee_id);


--
-- Name: training_trainingnomination training_trainingnomination_pkey; Type: CONSTRAINT; Schema: public; Owner: postgres
--

ALTER TABLE ONLY public.training_trainingnomination
    ADD CONSTRAINT training_trainingnomination_pkey PRIMARY KEY (id);


--
-- Name: training_trainingschedule training_trainingschedule_pkey; Type: CONSTRAINT; Schema: public; Owner: postgres
--

ALTER TABLE ONLY public.training_trainingschedule
    ADD CONSTRAINT training_trainingschedule_pkey PRIMARY KEY (id);


--
-- Name: training_trainingschedule training_trainingschedule_tp_code_key; Type: CONSTRAINT; Schema: public; Owner: postgres
--

ALTER TABLE ONLY public.training_trainingschedule
    ADD CONSTRAINT training_trainingschedule_tp_code_key UNIQUE (tp_code);


--
-- Name: training_trainingtype_department training_trainingtype_de_trainingtype_id_departme_2fae9c19_uniq; Type: CONSTRAINT; Schema: public; Owner: postgres
--

ALTER TABLE ONLY public.training_trainingtype_department
    ADD CONSTRAINT training_trainingtype_de_trainingtype_id_departme_2fae9c19_uniq UNIQUE (trainingtype_id, department_id);


--
-- Name: training_trainingtype_department training_trainingtype_department_pkey; Type: CONSTRAINT; Schema: public; Owner: postgres
--

ALTER TABLE ONLY public.training_trainingtype_department
    ADD CONSTRAINT training_trainingtype_department_pkey PRIMARY KEY (id);


--
-- Name: training_trainingtype training_trainingtype_name_key; Type: CONSTRAINT; Schema: public; Owner: postgres
--

ALTER TABLE ONLY public.training_trainingtype
    ADD CONSTRAINT training_trainingtype_name_key UNIQUE (name);


--
-- Name: training_trainingtype training_trainingtype_pkey; Type: CONSTRAINT; Schema: public; Owner: postgres
--

ALTER TABLE ONLY public.training_trainingtype
    ADD CONSTRAINT training_trainingtype_pkey PRIMARY KEY (id);


--
-- Name: training_department_name_31ae95b4_like; Type: INDEX; Schema: public; Owner: postgres
--

CREATE INDEX training_department_name_31ae95b4_like ON public.training_department USING btree (name varchar_pattern_ops);


--
-- Name: training_designation_name_6c35eaf7_like; Type: INDEX; Schema: public; Owner: postgres
--

CREATE INDEX training_designation_name_6c35eaf7_like ON public.training_designation USING btree (name varchar_pattern_ops);


--
-- Name: training_employee_department_id_a3cd4fb4; Type: INDEX; Schema: public; Owner: postgres
--

CREATE INDEX training_employee_department_id_a3cd4fb4 ON public.training_employee USING btree (department_id);


--
-- Name: training_employee_designation_id_9163a0bd; Type: INDEX; Schema: public; Owner: postgres
--

CREATE INDEX training_employee_designation_id_9163a0bd ON public.training_employee USING btree (designation_id);


--
-- Name: training_employee_emp_id_42dc13e7_like; Type: INDEX; Schema: public; Owner: postgres
--

CREATE INDEX training_employee_emp_id_42dc13e7_like ON public.training_employee USING btree (emp_id varchar_pattern_ops);


--
-- Name: training_trainer_designation_id_8000a414; Type: INDEX; Schema: public; Owner: postgres
--

CREATE INDEX training_trainer_designation_id_8000a414 ON public.training_trainer USING btree (designation_id);


--
-- Name: training_trainingattendance_employee_id_f566bc14; Type: INDEX; Schema: public; Owner: postgres
--

CREATE INDEX training_trainingattendance_employee_id_f566bc14 ON public.training_trainingattendance USING btree (employee_id);


--
-- Name: training_trainingattendance_training_id_513f7a1e; Type: INDEX; Schema: public; Owner: postgres
--

CREATE INDEX training_trainingattendance_training_id_513f7a1e ON public.training_trainingattendance USING btree (training_id);


--
-- Name: training_trainingnomination_employee_id_193cec3e; Type: INDEX; Schema: public; Owner: postgres
--

CREATE INDEX training_trainingnomination_employee_id_193cec3e ON public.training_trainingnomination USING btree (employee_id);


--
-- Name: training_trainingnomination_training_id_30271e77; Type: INDEX; Schema: public; Owner: postgres
--

CREATE INDEX training_trainingnomination_training_id_30271e77 ON public.training_trainingnomination USING btree (training_id);


--
-- Name: training_trainingschedule_name_id_c86e562d; Type: INDEX; Schema: public; Owner: postgres
--

CREATE INDEX training_trainingschedule_name_id_c86e562d ON public.training_trainingschedule USING btree (name_id);


--
-- Name: training_trainingschedule_tp_code_5f17a4cd_like; Type: INDEX; Schema: public; Owner: postgres
--

CREATE INDEX training_trainingschedule_tp_code_5f17a4cd_like ON public.training_trainingschedule USING btree (tp_code varchar_pattern_ops);


--
-- Name: training_trainingschedule_trainer_id_3f9389c6; Type: INDEX; Schema: public; Owner: postgres
--

CREATE INDEX training_trainingschedule_trainer_id_3f9389c6 ON public.training_trainingschedule USING btree (trainer_id);


--
-- Name: training_trainingtype_department_department_id_6f1636ef; Type: INDEX; Schema: public; Owner: postgres
--

CREATE INDEX training_trainingtype_department_department_id_6f1636ef ON public.training_trainingtype_department USING btree (department_id);


--
-- Name: training_trainingtype_department_trainingtype_id_ca1b1b74; Type: INDEX; Schema: public; Owner: postgres
--

CREATE INDEX training_trainingtype_department_trainingtype_id_ca1b1b74 ON public.training_trainingtype_department USING btree (trainingtype_id);


--
-- Name: training_trainingtype_name_7dd5c8ae_like; Type: INDEX; Schema: public; Owner: postgres
--

CREATE INDEX training_trainingtype_name_7dd5c8ae_like ON public.training_trainingtype USING btree (name varchar_pattern_ops);


--
-- Name: training_trainingattendance fk_attd_emp; Type: FK CONSTRAINT; Schema: public; Owner: postgres
--

ALTER TABLE ONLY public.training_trainingattendance
    ADD CONSTRAINT fk_attd_emp FOREIGN KEY (employee_id) REFERENCES public.training_employee(id) ON DELETE CASCADE;


--
-- Name: training_trainingattendance fk_attd_schd; Type: FK CONSTRAINT; Schema: public; Owner: postgres
--

ALTER TABLE ONLY public.training_trainingattendance
    ADD CONSTRAINT fk_attd_schd FOREIGN KEY (training_id) REFERENCES public.training_trainingschedule(id) ON DELETE CASCADE;


--
-- Name: training_trainingtype_department fk_dept_train; Type: FK CONSTRAINT; Schema: public; Owner: postgres
--

ALTER TABLE ONLY public.training_trainingtype_department
    ADD CONSTRAINT fk_dept_train FOREIGN KEY (trainingtype_id) REFERENCES public.training_trainingtype(id) ON DELETE CASCADE;


--
-- Name: training_employee fk_emp_dept; Type: FK CONSTRAINT; Schema: public; Owner: postgres
--

ALTER TABLE ONLY public.training_employee
    ADD CONSTRAINT fk_emp_dept FOREIGN KEY (department_id) REFERENCES public.training_department(id) ON DELETE CASCADE;


--
-- Name: training_employee fk_emp_dsgn; Type: FK CONSTRAINT; Schema: public; Owner: postgres
--

ALTER TABLE ONLY public.training_employee
    ADD CONSTRAINT fk_emp_dsgn FOREIGN KEY (designation_id) REFERENCES public.training_designation(id) ON DELETE CASCADE;


--
-- Name: training_trainingnomination fk_nomn_emp; Type: FK CONSTRAINT; Schema: public; Owner: postgres
--

ALTER TABLE ONLY public.training_trainingnomination
    ADD CONSTRAINT fk_nomn_emp FOREIGN KEY (employee_id) REFERENCES public.training_employee(id) ON DELETE CASCADE;


--
-- Name: training_trainingnomination fk_nomn_schd; Type: FK CONSTRAINT; Schema: public; Owner: postgres
--

ALTER TABLE ONLY public.training_trainingnomination
    ADD CONSTRAINT fk_nomn_schd FOREIGN KEY (training_id) REFERENCES public.training_trainingschedule(id) ON DELETE CASCADE;


--
-- Name: training_trainingschedule fk_schd_trainer; Type: FK CONSTRAINT; Schema: public; Owner: postgres
--

ALTER TABLE ONLY public.training_trainingschedule
    ADD CONSTRAINT fk_schd_trainer FOREIGN KEY (trainer_id) REFERENCES public.training_trainer(id) ON DELETE CASCADE;


--
-- Name: training_trainingschedule fk_schd_training; Type: FK CONSTRAINT; Schema: public; Owner: postgres
--

ALTER TABLE ONLY public.training_trainingschedule
    ADD CONSTRAINT fk_schd_training FOREIGN KEY (name_id) REFERENCES public.training_trainingtype(id) ON DELETE CASCADE;


--
-- Name: training_trainingtype_department fk_train_dept; Type: FK CONSTRAINT; Schema: public; Owner: postgres
--

ALTER TABLE ONLY public.training_trainingtype_department
    ADD CONSTRAINT fk_train_dept FOREIGN KEY (department_id) REFERENCES public.training_department(id) ON DELETE CASCADE;


--
-- Name: training_trainer fk_trainer_dsgn; Type: FK CONSTRAINT; Schema: public; Owner: postgres
--

ALTER TABLE ONLY public.training_trainer
    ADD CONSTRAINT fk_trainer_dsgn FOREIGN KEY (designation_id) REFERENCES public.training_designation(id) ON DELETE CASCADE;


--
-- Name: SCHEMA public; Type: ACL; Schema: -; Owner: postgres
--

REVOKE USAGE ON SCHEMA public FROM PUBLIC;
GRANT ALL ON SCHEMA public TO PUBLIC;


--
-- PostgreSQL database dump complete
--

